Index,X-coordinate,Y-coordinate,Intensity,Labels
933,8,52,2,1
934,8,53,8,1
935,8,54,12,1
936,8,55,15,1
937,8,56,19,1
938,8,57,18,1
939,8,58,25,1
940,8,59,22,1
941,8,60,28,1
942,8,61,25,1
943,8,62,18,1
944,8,63,11,1
945,8,64,2,1
1040,9,49,2,1
1041,9,50,11,1
1042,9,51,18,1
1043,9,52,18,1
1044,9,53,26,1
1045,9,54,31,1
1046,9,55,35,1
1047,9,56,39,1
1048,9,57,35,1
1049,9,58,48,1
1050,9,59,25,1
1051,9,60,39,1
1052,9,61,16,1
1053,9,62,34,1
1054,9,63,29,1
1055,9,64,31,1
1056,9,65,34,1
1057,9,66,22,1
1058,9,67,9,1
1148,10,47,6,1
1149,10,48,19,1
1150,10,49,17,1
1151,10,50,23,1
1152,10,51,56,1
1153,10,52,54,1
1154,10,53,97,1
1155,10,54,74,1
1156,10,55,149,1
1157,10,56,129,1
1158,10,57,173,1
1159,10,58,174,1
1160,10,59,164,1
1161,10,60,141,1
1162,10,61,129,1
1163,10,62,136,1
1164,10,63,59,1
1165,10,64,71,1
1166,10,65,48,1
1167,10,66,33,1
1168,10,67,41,1
1169,10,68,28,1
1170,10,69,13,1
1171,10,70,1,1
1256,11,45,2,1
1257,11,46,13,1
1258,11,47,16,1
1259,11,48,31,1
1260,11,49,55,1
1261,11,50,112,1
1262,11,51,144,1
1263,11,52,118,1
1264,11,53,151,1
1265,11,54,120,1
1266,11,55,110,1
1267,11,56,66,1
1268,11,57,74,1
1269,11,58,95,1
1270,11,59,103,1
1271,11,60,136,1
1272,11,61,175,1
1273,11,62,157,1
1274,11,63,120,1
1275,11,64,144,1
1276,11,65,135,1
1277,11,66,114,1
1278,11,67,73,1
1279,11,68,40,1
1280,11,69,48,1
1281,11,70,34,1
1282,11,71,12,1
1365,12,44,3,1
1366,12,45,10,1
1367,12,46,28,1
1368,12,47,71,1
1369,12,48,136,1
1370,12,49,129,1
1371,12,50,160,1
1372,12,51,93,1
1373,12,52,53,1
1374,12,53,26,1
1375,12,54,15,1
1376,12,55,12,1
1377,12,56,12,1
1378,12,57,17,1
1379,12,58,36,1
1380,12,59,50,1
1381,12,60,54,1
1382,12,61,41,1
1383,12,62,85,1
1384,12,63,94,1
1385,12,64,62,1
1386,12,65,108,1
1387,12,66,126,1
1388,12,67,162,1
1389,12,68,116,1
1390,12,69,85,1
1391,12,70,53,1
1392,12,71,45,1
1393,12,72,31,1
1394,12,73,5,1
1474,13,43,6,1
1475,13,44,7,1
1476,13,45,50,1
1477,13,46,109,1
1478,13,47,183,1
1479,13,48,134,1
1480,13,49,74,1
1481,13,50,44,1
1482,13,51,23,1
1483,13,52,9,1
1484,13,53,2,1
1485,13,54,1,1
1487,13,56,1,1
1488,13,57,1,1
1489,13,58,1,1
1490,13,59,1,1
1491,13,60,2,1
1492,13,61,9,1
1493,13,62,39,1
1494,13,63,58,1
1495,13,64,47,1
1496,13,65,55,1
1497,13,66,71,1
1498,13,67,124,1
1499,13,68,153,1
1500,13,69,204,1
1501,13,70,140,1
1502,13,71,93,1
1503,13,72,59,1
1504,13,73,45,1
1505,13,74,12,1
1583,14,42,2,1
1584,14,43,7,1
1585,14,44,60,1
1586,14,45,133,1
1587,14,46,144,1
1588,14,47,78,1
1589,14,48,42,1
1590,14,49,31,1
1591,14,50,22,1
1592,14,51,15,1
1593,14,52,15,1
1594,14,53,27,1
1595,14,54,24,1
1596,14,55,19,1
1597,14,56,15,1
1598,14,57,12,1
1599,14,58,14,1
1600,14,59,11,1
1601,14,60,8,1
1602,14,61,3,1
1603,14,62,1,1
1604,14,63,20,1
1605,14,64,36,1
1606,14,65,43,1
1607,14,66,39,1
1608,14,67,35,1
1609,14,68,68,1
1610,14,69,116,1
1611,14,70,151,1
1612,14,71,136,1
1613,14,72,121,1
1614,14,73,51,1
1615,14,74,45,1
1616,14,75,16,1
1617,14,76,1,1
1692,15,41,3,1
1693,15,42,20,1
1694,15,43,77,1
1695,15,44,177,1
1696,15,45,115,1
1697,15,46,63,1
1698,15,47,34,1
1699,15,48,43,1
1700,15,49,93,1
1701,15,50,121,1
1702,15,51,150,1
1703,15,52,133,1
1704,15,53,126,1
1705,15,54,112,1
1706,15,55,108,1
1707,15,56,99,1
1708,15,57,79,1
1709,15,58,73,1
1710,15,59,81,1
1711,15,60,70,1
1712,15,61,33,1
1713,15,62,20,1
1714,15,63,9,1
1715,15,64,3,1
1716,15,65,1,1
1717,15,66,10,1
1718,15,67,13,1
1719,15,68,6,1
1720,15,69,22,1
1721,15,70,55,1
1722,15,71,109,1
1723,15,72,162,1
1724,15,73,117,1
1725,15,74,61,1
1726,15,75,50,1
1727,15,76,16,1
1728,15,77,1,1
1801,16,40,2,1
1802,16,41,16,1
1803,16,42,54,1
1804,16,43,190,1
1805,16,44,170,1
1806,16,45,119,1
1807,16,46,38,1
1808,16,47,28,1
1809,16,48,112,1
1810,16,49,169,1
1811,16,50,178,1
1812,16,51,171,1
1813,16,52,145,1
1814,16,53,145,1
1815,16,54,169,1
1816,16,55,148,1
1817,16,56,140,1
1818,16,57,137,1
1819,16,58,112,1
1820,16,59,121,1
1821,16,60,127,1
1822,16,61,102,1
1823,16,62,87,1
1824,16,63,70,1
1825,16,64,41,1
1826,16,65,12,1
1827,16,66,2,1
1828,16,67,1,1
1829,16,68,1,1
1830,16,69,2,1
1831,16,70,3,1
1832,16,71,15,1
1833,16,72,69,1
1834,16,73,155,1
1835,16,74,125,1
1836,16,75,52,1
1837,16,76,44,1
1838,16,77,11,1
1910,17,39,2,1
1911,17,40,13,1
1912,17,41,50,1
1913,17,42,144,1
1914,17,43,156,1
1915,17,44,146,1
1916,17,45,65,1
1917,17,46,40,1
1918,17,47,54,1
1919,17,48,85,1
1920,17,49,174,1
1921,17,50,174,1
1922,17,51,192,1
1923,17,52,177,1
1924,17,53,188,1
1925,17,54,174,1
1926,17,55,173,1
1927,17,56,175,1
1928,17,57,172,1
1929,17,58,161,1
1930,17,59,167,1
1931,17,60,131,1
1932,17,61,135,1
1933,17,62,131,1
1934,17,63,105,1
1935,17,64,102,1
1936,17,65,84,1
1937,17,66,66,1
1938,17,67,27,1
1939,17,68,2,1
1941,17,70,2,1
1942,17,71,2,1
1943,17,72,6,1
1944,17,73,61,1
1945,17,74,119,1
1946,17,75,109,1
1947,17,76,42,1
1948,17,77,35,1
1949,17,78,9,1
2020,18,39,11,1
2021,18,40,25,1
2022,18,41,106,1
2023,18,42,163,1
2024,18,43,170,1
2025,18,44,102,1
2026,18,45,33,1
2027,18,46,70,1
2028,18,47,115,1
2029,18,48,126,1
2030,18,49,166,1
2031,18,50,197,1
2032,18,51,198,1
2033,18,52,196,1
2034,18,53,180,1
2035,18,54,169,1
2036,18,55,177,1
2037,18,56,181,1
2038,18,57,188,1
2039,18,58,195,1
2040,18,59,163,1
2041,18,60,153,1
2042,18,61,165,1
2043,18,62,168,1
2044,18,63,154,1
2045,18,64,152,1
2046,18,65,177,1
2047,18,66,144,1
2048,18,67,140,1
2049,18,68,90,1
2050,18,69,40,1
2051,18,70,14,1
2052,18,71,7,1
2053,18,72,2,1
2054,18,73,7,1
2055,18,74,66,1
2056,18,75,108,1
2057,18,76,101,1
2058,18,77,39,1
2059,18,78,29,1
2060,18,79,5,1
2129,19,38,3,1
2130,19,39,20,1
2131,19,40,68,1
2132,19,41,186,1
2133,19,42,152,1
2134,19,43,140,1
2135,19,44,67,1
2136,19,45,53,1
2137,19,46,101,1
2138,19,47,139,1
2139,19,48,139,1
2140,19,49,147,1
2141,19,50,191,1
2142,19,51,200,1
2143,19,52,181,1
2144,19,53,177,1
2145,19,54,172,1
2146,19,55,183,1
2147,19,56,184,1
2148,19,57,180,1
2149,19,58,189,1
2150,19,59,168,1
2151,19,60,174,1
2152,19,61,158,1
2153,19,62,166,1
2154,19,63,167,1
2155,19,64,153,1
2156,19,65,164,1
2157,19,66,168,1
2158,19,67,156,1
2159,19,68,183,1
2160,19,69,158,1
2161,19,70,111,1
2162,19,71,47,1
2163,19,72,25,1
2164,19,73,12,1
2165,19,74,39,1
2166,19,75,70,1
2167,19,76,174,1
2168,19,77,74,1
2169,19,78,35,1
2170,19,79,38,1
2171,19,80,2,1
2239,20,38,9,1
2240,20,39,29,1
2241,20,40,156,1
2242,20,41,177,1
2243,20,42,136,1
2244,20,43,74,1
2245,20,44,13,1
2246,20,45,115,1
2247,20,46,122,1
2248,20,47,164,1
2249,20,48,154,1
2250,20,49,153,1
2251,20,50,176,1
2252,20,51,209,1
2253,20,52,194,1
2254,20,53,160,1
2255,20,54,181,1
2256,20,55,168,1
2257,20,56,184,1
2258,20,57,184,1
2259,20,58,202,1
2260,20,59,169,1
2261,20,60,165,1
2262,20,61,161,1
2263,20,62,181,1
2264,20,63,178,1
2265,20,64,177,1
2266,20,65,171,1
2267,20,66,158,1
2268,20,67,171,1
2269,20,68,166,1
2270,20,69,174,1
2271,20,70,168,1
2272,20,71,129,1
2273,20,72,36,1
2274,20,73,33,1
2275,20,74,87,1
2276,20,75,70,1
2277,20,76,97,1
2278,20,77,135,1
2279,20,78,78,1
2280,20,79,37,1
2281,20,80,21,1
2282,20,81,1,1
2348,21,37,3,1
2349,21,38,10,1
2350,21,39,76,1
2351,21,40,197,1
2352,21,41,149,1
2353,21,42,135,1
2354,21,43,40,1
2355,21,44,81,1
2356,21,45,130,1
2357,21,46,126,1
2358,21,47,196,1
2359,21,48,166,1
2360,21,49,148,1
2361,21,50,165,1
2362,21,51,164,1
2363,21,52,169,1
2364,21,53,181,1
2365,21,54,193,1
2366,21,55,180,1
2367,21,56,172,1
2368,21,57,174,1
2369,21,58,175,1
2370,21,59,169,1
2371,21,60,151,1
2372,21,61,120,1
2373,21,62,130,1
2374,21,63,129,1
2375,21,64,151,1
2376,21,65,146,1
2377,21,66,159,1
2378,21,67,158,1
2379,21,68,162,1
2380,21,69,165,1
2381,21,70,162,1
2382,21,71,175,1
2383,21,72,126,1
2384,21,73,34,1
2385,21,74,66,1
2386,21,75,99,1
2387,21,76,68,1
2388,21,77,145,1
2389,21,78,126,1
2390,21,79,58,1
2391,21,80,45,1
2392,21,81,17,1
2458,22,37,13,1
2459,22,38,35,1
2460,22,39,139,1
2461,22,40,181,1
2462,22,41,148,1
2463,22,42,115,1
2464,22,43,137,1
2465,22,44,116,1
2466,22,45,98,1
2467,22,46,152,1
2468,22,47,200,1
2469,22,48,197,1
2470,22,49,144,1
2471,22,50,154,1
2472,22,51,151,1
2473,22,52,150,1
2474,22,53,175,1
2475,22,54,186,1
2476,22,55,167,1
2477,22,56,162,1
2478,22,57,166,1
2479,22,58,160,1
2480,22,59,164,1
2481,22,60,146,1
2482,22,61,130,1
2483,22,62,132,1
2484,22,63,115,1
2485,22,64,132,1
2486,22,65,117,1
2487,22,66,117,1
2488,22,67,113,1
2489,22,68,109,1
2490,22,69,103,1
2491,22,70,94,1
2492,22,71,88,1
2493,22,72,109,1
2494,22,73,101,1
2495,22,74,61,1
2496,22,75,92,1
2497,22,76,123,1
2498,22,77,56,1
2499,22,78,177,1
2500,22,79,130,1
2501,22,80,57,1
2502,22,81,34,1
2503,22,82,9,1
2566,23,35,1,1
2567,23,36,7,1
2568,23,37,11,1
2569,23,38,111,1
2570,23,39,158,1
2571,23,40,142,1
2572,23,41,166,1
2573,23,42,76,1
2574,23,43,141,1
2575,23,44,90,1
2576,23,45,136,1
2577,23,46,194,1
2578,23,47,188,1
2579,23,48,175,1
2580,23,49,132,1
2581,23,50,116,1
2582,23,51,135,1
2583,23,52,130,1
2584,23,53,159,1
2585,23,54,162,1
2586,23,55,171,1
2587,23,56,158,1
2588,23,57,144,1
2589,23,58,159,1
2590,23,59,161,1
2591,23,60,154,1
2592,23,61,155,1
2593,23,62,122,1
2594,23,63,97,1
2595,23,64,81,1
2596,23,65,77,1
2597,23,66,82,1
2598,23,67,70,1
2599,23,68,53,1
2600,23,69,34,1
2601,23,70,48,1
2602,23,71,94,1
2603,23,72,153,1
2604,23,73,155,1
2605,23,74,120,1
2606,23,75,74,1
2607,23,76,98,1
2608,23,77,94,1
2609,23,78,76,1
2610,23,79,167,1
2611,23,80,110,1
2612,23,81,47,1
2613,23,82,39,1
2614,23,83,5,1
2675,24,34,1,1
2676,24,35,6,1
2677,24,36,25,1
2678,24,37,87,1
2679,24,38,183,1
2680,24,39,123,1
2681,24,40,140,1
2682,24,41,107,1
2683,24,42,111,1
2684,24,43,58,1
2685,24,44,121,1
2686,24,45,194,1
2687,24,46,194,1
2688,24,47,182,1
2689,24,48,149,1
2690,24,49,100,1
2691,24,50,71,1
2692,24,51,60,1
2693,24,52,82,1
2694,24,53,110,1
2695,24,54,121,1
2696,24,55,137,1
2697,24,56,144,1
2698,24,57,124,1
2699,24,58,131,1
2700,24,59,148,1
2701,24,60,112,1
2702,24,61,99,1
2703,24,62,71,1
2704,24,63,76,1
2705,24,64,120,1
2706,24,65,164,1
2707,24,66,192,1
2708,24,67,159,1
2709,24,68,86,1
2710,24,69,63,1
2711,24,70,70,1
2712,24,71,104,1
2713,24,72,130,1
2714,24,73,119,1
2715,24,74,114,1
2716,24,75,105,1
2717,24,76,47,1
2718,24,77,75,1
2719,24,78,72,1
2720,24,79,138,1
2721,24,80,158,1
2722,24,81,90,1
2723,24,82,35,1
2724,24,83,29,1
2725,24,84,2,1
2785,25,34,6,1
2786,25,35,15,1
2787,25,36,54,1
2788,25,37,154,1
2789,25,38,182,1
2790,25,39,128,1
2791,25,40,130,1
2792,25,41,64,1
2793,25,42,66,1
2794,25,43,134,1
2795,25,44,172,1
2796,25,45,158,1
2797,25,46,148,1
2798,25,47,69,1
2799,25,48,58,1
2800,25,49,68,1
2801,25,50,68,1
2802,25,51,59,1
2803,25,52,52,1
2804,25,53,46,1
2805,25,54,56,1
2806,25,55,82,1
2807,25,56,84,1
2808,25,57,93,1
2809,25,58,95,1
2810,25,59,74,1
2811,25,60,72,1
2812,25,61,74,1
2813,25,62,105,1
2814,25,63,167,1
2815,25,64,193,1
2816,25,65,205,1
2817,25,66,205,1
2818,25,67,157,1
2819,25,68,96,1
2820,25,69,79,1
2821,25,70,85,1
2822,25,71,94,1
2823,25,72,98,1
2824,25,73,87,1
2825,25,74,88,1
2826,25,75,80,1
2827,25,76,68,1
2828,25,77,30,1
2829,25,78,52,1
2830,25,79,88,1
2831,25,80,162,1
2832,25,81,175,1
2833,25,82,94,1
2834,25,83,32,1
2835,25,84,20,1
2836,25,85,1,1
2894,26,33,4,1
2895,26,34,14,1
2896,26,35,55,1
2897,26,36,172,1
2898,26,37,174,1
2899,26,38,162,1
2900,26,39,156,1
2901,26,40,84,1
2902,26,41,66,1
2903,26,42,105,1
2904,26,43,172,1
2905,26,44,186,1
2906,26,45,148,1
2907,26,46,64,1
2908,26,47,70,1
2909,26,48,74,1
2910,26,49,71,1
2911,26,50,78,1
2912,26,51,83,1
2913,26,52,70,1
2914,26,53,70,1
2915,26,54,62,1
2916,26,55,55,1
2917,26,56,54,1
2918,26,57,58,1
2919,26,58,66,1
2920,26,59,75,1
2921,26,60,92,1
2922,26,61,123,1
2923,26,62,180,1
2924,26,63,190,1
2925,26,64,199,1
2926,26,65,210,1
2927,26,66,198,1
2928,26,67,141,1
2929,26,68,111,1
2930,26,69,108,1
2931,26,70,94,1
2932,26,71,83,1
2933,26,72,77,1
2934,26,73,77,1
2935,26,74,80,1
2936,26,75,81,1
2937,26,76,50,1
2938,26,77,19,1
2939,26,78,21,1
2940,26,79,37,1
2941,26,80,143,1
2942,26,81,151,1
2943,26,82,145,1
2944,26,83,47,1
2945,26,84,29,1
2946,26,85,7,1
3003,27,32,8,1
3004,27,33,14,1
3005,27,34,58,1
3006,27,35,188,2
3007,27,36,207,2
3008,27,37,195,2
3009,27,38,174,1
3010,27,39,102,1
3011,27,40,73,1
3012,27,41,77,1
3013,27,42,204,2
3014,27,43,182,1
3015,27,44,112,1
3016,27,45,46,1
3017,27,46,62,1
3018,27,47,38,1
3019,27,48,17,1
3020,27,49,24,1
3021,27,50,51,1
3022,27,51,72,1
3023,27,52,81,1
3024,27,53,89,1
3025,27,54,61,1
3026,27,55,80,1
3027,27,56,116,1
3028,27,57,80,1
3029,27,58,70,1
3030,27,59,77,1
3031,27,60,88,1
3032,27,61,122,1
3033,27,62,157,1
3034,27,63,170,1
3035,27,64,192,1
3036,27,65,165,1
3037,27,66,127,1
3038,27,67,109,1
3039,27,68,101,1
3040,27,69,79,1
3041,27,70,53,1
3042,27,71,46,1
3043,27,72,33,1
3044,27,73,27,1
3045,27,74,19,1
3046,27,75,27,1
3047,27,76,45,1
3048,27,77,38,1
3049,27,78,10,1
3050,27,79,15,1
3051,27,80,98,1
3052,27,81,156,1
3053,27,82,196,2
3054,27,83,117,1
3055,27,84,41,1
3056,27,85,30,1
3057,27,86,3,1
3112,28,31,7,1
3113,28,32,15,1
3114,28,33,66,1
3115,28,34,175,1
3116,28,35,189,2
3117,28,36,206,2
3118,28,37,195,2
3119,28,38,200,2
3120,28,39,81,1
3121,28,40,67,1
3122,28,41,180,1
3123,28,42,132,1
3124,28,43,50,1
3125,28,44,29,1
3126,28,45,104,1
3127,28,46,149,1
3128,28,47,152,1
3129,28,48,95,1
3130,28,49,49,1
3131,28,50,20,1
3132,28,51,48,1
3133,28,52,71,1
3134,28,53,63,1
3135,28,54,62,1
3136,28,55,91,1
3137,28,56,84,1
3138,28,57,116,1
3139,28,58,172,1
3140,28,59,180,1
3141,28,60,177,1
3142,28,61,148,1
3143,28,62,117,1
3144,28,63,115,1
3145,28,64,110,1
3146,28,65,95,1
3147,28,66,87,1
3148,28,67,58,1
3149,28,68,47,1
3150,28,69,66,1
3151,28,70,95,1
3152,28,71,110,1
3153,28,72,108,1
3154,28,73,114,1
3155,28,74,108,1
3156,28,75,100,1
3157,28,76,81,1
3158,28,77,61,1
3159,28,78,34,1
3160,28,79,27,1
3161,28,80,53,1
3162,28,81,166,1
3163,28,82,214,2
3164,28,83,199,2
3165,28,84,64,1
3166,28,85,39,1
3167,28,86,20,1
3168,28,87,1,1
3221,29,30,10,1
3222,29,31,16,1
3223,29,32,70,1
3224,29,33,133,1
3225,29,34,171,1
3226,29,35,190,2
3227,29,36,177,1
3228,29,37,159,1
3229,29,38,139,1
3230,29,39,39,1
3231,29,40,63,1
3232,29,41,90,1
3233,29,42,24,1
3234,29,43,52,1
3235,29,44,133,1
3236,29,45,146,1
3237,29,46,165,1
3238,29,47,173,1
3239,29,48,141,1
3240,29,49,107,1
3241,29,50,87,1
3242,29,51,23,1
3243,29,52,34,1
3244,29,53,69,1
3245,29,54,67,1
3246,29,55,60,1
3247,29,56,75,1
3248,29,57,82,1
3249,29,58,118,1
3250,29,59,134,1
3251,29,60,139,1
3252,29,61,118,1
3253,29,62,102,1
3254,29,63,99,1
3255,29,64,91,1
3256,29,65,64,1
3257,29,66,47,1
3258,29,67,80,1
3259,29,68,117,1
3260,29,69,118,1
3261,29,70,114,1
3262,29,71,124,1
3263,29,72,126,1
3264,29,73,126,1
3265,29,74,148,1
3266,29,75,173,1
3267,29,76,165,1
3268,29,77,143,1
3269,29,78,48,1
3270,29,79,46,1
3271,29,80,28,1
3272,29,81,155,1
3273,29,82,194,2
3274,29,83,195,2
3275,29,84,135,1
3276,29,85,44,1
3277,29,86,37,1
3278,29,87,5,1
3330,30,29,4,1
3331,30,30,12,1
3332,30,31,69,1
3333,30,32,173,1
3334,30,33,192,2
3335,30,34,203,2
3336,30,35,219,2
3337,30,36,170,1
3338,30,37,117,1
3339,30,38,52,1
3340,30,39,53,1
3341,30,40,74,1
3342,30,41,24,1
3343,30,42,73,1
3344,30,43,183,1
3345,30,44,150,1
3346,30,45,173,1
3347,30,46,166,1
3348,30,47,172,1
3349,30,48,137,1
3350,30,49,124,1
3351,30,50,111,1
3352,30,51,90,1
3353,30,52,54,1
3354,30,53,30,1
3355,30,54,55,1
3356,30,55,79,1
3357,30,56,83,1
3358,30,57,88,1
3359,30,58,88,1
3360,30,59,83,1
3361,30,60,91,1
3362,30,61,90,1
3363,30,62,89,1
3364,30,63,70,1
3365,30,64,47,1
3366,30,65,80,1
3367,30,66,111,1
3368,30,67,112,1
3369,30,68,120,1
3370,30,69,121,1
3371,30,70,128,1
3372,30,71,135,1
3373,30,72,130,1
3374,30,73,139,1
3375,30,74,158,1
3376,30,75,172,1
3377,30,76,175,1
3378,30,77,157,1
3379,30,78,66,1
3380,30,79,66,1
3381,30,80,34,1
3382,30,81,118,1
3383,30,82,205,2
3384,30,83,195,2
3385,30,84,180,2
3386,30,85,63,1
3387,30,86,45,1
3388,30,87,19,1
3389,30,88,1,1
3439,31,28,3,1
3440,31,29,19,1
3441,31,30,110,1
3442,31,31,197,2
3443,31,32,201,2
3444,31,33,203,2
3445,31,34,209,2
3446,31,35,215,2
3447,31,36,140,1
3448,31,37,79,1
3449,31,38,51,1
3450,31,39,103,1
3451,31,40,34,1
3452,31,41,103,1
3453,31,42,159,1
3454,31,43,167,1
3455,31,44,159,1
3456,31,45,152,1
3457,31,46,163,1
3458,31,47,150,1
3459,31,48,151,1
3460,31,49,130,1
3461,31,50,117,1
3462,31,51,117,1
3463,31,52,98,1
3464,31,53,74,1
3465,31,54,44,1
3466,31,55,30,1
3467,31,56,66,1
3468,31,57,74,1
3469,31,58,91,1
3470,31,59,89,1
3471,31,60,79,1
3472,31,61,61,1
3473,31,62,42,1
3474,31,63,58,1
3475,31,64,101,1
3476,31,65,122,1
3477,31,66,110,1
3478,31,67,121,1
3479,31,68,125,1
3480,31,69,129,1
3481,31,70,142,1
3482,31,71,146,1
3483,31,72,156,1
3484,31,73,161,1
3485,31,74,142,1
3486,31,75,182,1
3487,31,76,189,1
3488,31,77,171,1
3489,31,78,95,1
3490,31,79,57,1
3491,31,80,43,1
3492,31,81,103,1
3493,31,82,192,2
3494,31,83,228,2
3495,31,84,212,2
3496,31,85,174,2
3497,31,86,43,1
3498,31,87,33,1
3499,31,88,10,1
3548,32,27,4,1
3549,32,28,13,1
3550,32,29,113,1
3551,32,30,196,2
3552,32,31,200,2
3553,32,32,215,2
3554,32,33,227,2
3555,32,34,222,2
3556,32,35,177,1
3557,32,36,83,1
3558,32,37,74,1
3559,32,38,68,1
3560,32,39,44,1
3561,32,40,143,1
3562,32,41,158,1
3563,32,42,165,1
3564,32,43,183,1
3565,32,44,185,1
3566,32,45,168,1
3567,32,46,145,1
3568,32,47,157,1
3569,32,48,156,1
3570,32,49,132,1
3571,32,50,131,1
3572,32,51,114,1
3573,32,52,114,1
3574,32,53,103,1
3575,32,54,100,1
3576,32,55,78,1
3577,32,56,40,1
3578,32,57,41,1
3579,32,58,37,1
3580,32,59,30,1
3581,32,60,32,1
3582,32,61,57,1
3583,32,62,95,1
3584,32,63,112,1
3585,32,64,110,1
3586,32,65,130,1
3587,32,66,134,1
3588,32,67,120,1
3589,32,68,125,1
3590,32,69,155,1
3591,32,70,153,1
3592,32,71,161,1
3593,32,72,166,1
3594,32,73,156,1
3595,32,74,160,1
3596,32,75,182,1
3597,32,76,188,1
3598,32,77,195,1
3599,32,78,165,1
3600,32,79,37,1
3601,32,80,70,1
3602,32,81,60,1
3603,32,82,169,2
3604,32,83,229,2
3605,32,84,204,2
3606,32,85,199,2
3607,32,86,78,1
3608,32,87,42,1
3609,32,88,14,1
3657,33,26,3,1
3658,33,27,11,1
3659,33,28,99,1
3660,33,29,192,2
3661,33,30,202,2
3662,33,31,216,2
3663,33,32,225,2
3664,33,33,199,2
3665,33,34,159,2
3666,33,35,75,1
3667,33,36,105,1
3668,33,37,76,1
3669,33,38,36,1
3670,33,39,169,1
3671,33,40,163,1
3672,33,41,163,1
3673,33,42,172,1
3674,33,43,182,1
3675,33,44,176,1
3676,33,45,162,1
3677,33,46,148,1
3678,33,47,139,1
3679,33,48,147,1
3680,33,49,146,1
3681,33,50,115,1
3682,33,51,121,1
3683,33,52,116,1
3684,33,53,110,1
3685,33,54,106,1
3686,33,55,101,1
3687,33,56,86,1
3688,33,57,63,1
3689,33,58,62,1
3690,33,59,86,1
3691,33,60,96,1
3692,33,61,89,1
3693,33,62,116,1
3694,33,63,129,1
3695,33,64,136,1
3696,33,65,134,1
3697,33,66,141,1
3698,33,67,131,1
3699,33,68,120,1
3700,33,69,147,1
3701,33,70,151,1
3702,33,71,145,1
3703,33,72,163,1
3704,33,73,151,1
3705,33,74,169,1
3706,33,75,177,1
3707,33,76,199,1
3708,33,77,200,1
3709,33,78,200,1
3710,33,79,35,1
3711,33,80,90,1
3712,33,81,38,1
3713,33,82,138,1
3714,33,83,195,2
3715,33,84,196,2
3716,33,85,238,2
3717,33,86,144,1
3718,33,87,38,1
3719,33,88,30,1
3720,33,89,3,1
3766,34,25,5,1
3767,34,26,22,1
3768,34,27,86,1
3769,34,28,182,2
3770,34,29,177,2
3771,34,30,175,2
3772,34,31,173,2
3773,34,32,195,2
3774,34,33,141,1
3775,34,34,92,1
3776,34,35,117,1
3777,34,36,101,1
3778,34,37,29,1
3779,34,38,144,1
3780,34,39,181,1
3781,34,40,180,1
3782,34,41,188,1
3783,34,42,181,1
3784,34,43,185,1
3785,34,44,194,1
3786,34,45,169,1
3787,34,46,138,1
3788,34,47,149,1
3789,34,48,136,1
3790,34,49,123,1
3791,34,50,132,1
3792,34,51,123,1
3793,34,52,108,1
3794,34,53,107,1
3795,34,54,106,1
3796,34,55,110,1
3797,34,56,116,1
3798,34,57,123,1
3799,34,58,115,1
3800,34,59,112,1
3801,34,60,123,1
3802,34,61,106,1
3803,34,62,133,1
3804,34,63,125,1
3805,34,64,134,1
3806,34,65,130,1
3807,34,66,128,1
3808,34,67,127,1
3809,34,68,123,1
3810,34,69,108,1
3811,34,70,132,1
3812,34,71,136,1
3813,34,72,163,1
3814,34,73,138,1
3815,34,74,172,1
3816,34,75,181,1
3817,34,76,200,1
3818,34,77,208,1
3819,34,78,206,1
3820,34,79,80,1
3821,34,80,78,1
3822,34,81,55,1
3823,34,82,86,1
3824,34,83,177,2
3825,34,84,179,2
3826,34,85,251,2
3827,34,86,199,2
3828,34,87,85,1
3829,34,88,41,1
3830,34,89,8,1
3875,35,24,5,1
3876,35,25,14,1
3877,35,26,110,1
3878,35,27,185,2
3879,35,28,190,2
3880,35,29,184,2
3881,35,30,218,2
3882,35,31,187,2
3883,35,32,167,2
3884,35,33,94,1
3885,35,34,113,1
3886,35,35,127,1
3887,35,36,45,1
3888,35,37,133,1
3889,35,38,183,1
3890,35,39,178,1
3891,35,40,200,1
3892,35,41,194,1
3893,35,42,206,1
3894,35,43,172,1
3895,35,44,169,1
3896,35,45,154,1
3897,35,46,154,1
3898,35,47,152,1
3899,35,48,146,1
3900,35,49,113,1
3901,35,50,137,1
3902,35,51,144,1
3903,35,52,116,1
3904,35,53,115,1
3905,35,54,115,1
3906,35,55,118,1
3907,35,56,113,1
3908,35,57,132,1
3909,35,58,127,1
3910,35,59,125,1
3911,35,60,125,1
3912,35,61,116,1
3913,35,62,115,1
3914,35,63,106,1
3915,35,64,106,1
3916,35,65,126,1
3917,35,66,123,1
3918,35,67,131,1
3919,35,68,132,1
3920,35,69,134,1
3921,35,70,143,1
3922,35,71,155,1
3923,35,72,161,1
3924,35,73,165,1
3925,35,74,163,1
3926,35,75,192,1
3927,35,76,191,1
3928,35,77,212,1
3929,35,78,192,1
3930,35,79,93,1
3931,35,80,47,1
3932,35,81,87,1
3933,35,82,47,1
3934,35,83,194,2
3935,35,84,182,2
3936,35,85,211,2
3937,35,86,237,2
3938,35,87,101,1
3939,35,88,44,1
3940,35,89,26,1
3941,35,90,2,1
3983,36,22,1,1
3984,36,23,5,1
3985,36,24,34,1
3986,36,25,145,2
3987,36,26,181,2
3988,36,27,197,2
3989,36,28,210,2
3990,36,29,212,2
3991,36,30,195,2
3992,36,31,127,1
3993,36,32,89,1
3994,36,33,108,1
3995,36,34,126,1
3996,36,35,62,1
3997,36,36,119,1
3998,36,37,170,1
3999,36,38,174,1
4000,36,39,187,1
4001,36,40,196,1
4002,36,41,213,1
4003,36,42,201,1
4004,36,43,126,1
4005,36,44,143,1
4006,36,45,116,1
4007,36,46,145,1
4008,36,47,135,1
4009,36,48,153,1
4010,36,49,151,1
4011,36,50,137,1
4012,36,51,124,1
4013,36,52,140,1
4014,36,53,118,1
4015,36,54,113,1
4016,36,55,107,1
4017,36,56,93,1
4018,36,57,110,1
4019,36,58,116,1
4020,36,59,105,1
4021,36,60,115,1
4022,36,61,110,1
4023,36,62,110,1
4024,36,63,114,1
4025,36,64,133,1
4026,36,65,125,1
4027,36,66,123,1
4028,36,67,151,1
4029,36,68,159,1
4030,36,69,159,1
4031,36,70,163,1
4032,36,71,152,1
4033,36,72,159,1
4034,36,73,127,1
4035,36,74,158,1
4036,36,75,186,1
4037,36,76,183,1
4038,36,77,206,1
4039,36,78,200,1
4040,36,79,184,1
4041,36,80,35,1
4042,36,81,109,1
4043,36,82,24,1
4044,36,83,171,2
4045,36,84,186,2
4046,36,85,209,2
4047,36,86,241,2
4048,36,87,188,2
4049,36,88,72,1
4050,36,89,36,1
4051,36,90,6,1
4092,37,21,5,1
4093,37,22,8,1
4094,37,23,48,1
4095,37,24,165,2
4096,37,25,194,2
4097,37,26,200,2
4098,37,27,166,2
4099,37,28,211,2
4100,37,29,191,2
4101,37,30,114,1
4102,37,31,73,1
4103,37,32,109,1
4104,37,33,110,1
4105,37,34,58,1
4106,37,35,142,1
4107,37,36,179,1
4108,37,37,186,1
4109,37,38,192,1
4110,37,39,187,1
4111,37,40,209,1
4112,37,41,200,1
4113,37,42,163,1
4114,37,43,142,1
4115,37,44,174,1
4116,37,45,144,1
4117,37,46,154,1
4118,37,47,176,1
4119,37,48,154,1
4120,37,49,139,1
4121,37,50,150,1
4122,37,51,157,1
4123,37,52,122,1
4124,37,53,128,1
4125,37,54,129,1
4126,37,55,127,1
4127,37,56,108,1
4128,37,57,94,1
4129,37,58,108,1
4130,37,59,114,1
4131,37,60,106,1
4132,37,61,108,1
4133,37,62,110,1
4134,37,63,110,1
4135,37,64,111,1
4136,37,65,132,1
4137,37,66,153,1
4138,37,67,153,1
4139,37,68,141,1
4140,37,69,134,1
4141,37,70,148,1
4142,37,71,157,1
4143,37,72,146,1
4144,37,73,160,1
4145,37,74,175,1
4146,37,75,191,1
4147,37,76,187,1
4148,37,77,210,1
4149,37,78,208,1
4150,37,79,209,1
4151,37,80,61,1
4152,37,81,68,1
4153,37,82,38,1
4154,37,83,113,1
4155,37,84,204,2
4156,37,85,185,2
4157,37,86,245,2
4158,37,87,232,2
4159,37,88,116,1
4160,37,89,40,1
4161,37,90,14,1
4162,37,91,2,1
4201,38,20,3,1
4202,38,21,15,1
4203,38,22,96,1
4204,38,23,187,2
4205,38,24,199,2
4206,38,25,209,2
4207,38,26,217,2
4208,38,27,199,2
4209,38,28,197,2
4210,38,29,126,1
4211,38,30,80,1
4212,38,31,81,1
4213,38,32,121,1
4214,38,33,46,1
4215,38,34,128,1
4216,38,35,174,1
4217,38,36,185,1
4218,38,37,198,1
4219,38,38,187,1
4220,38,39,207,1
4221,38,40,167,1
4222,38,41,166,1
4223,38,42,150,1
4224,38,43,194,1
4225,38,44,159,1
4226,38,45,161,1
4227,38,46,160,1
4228,38,47,156,1
4229,38,48,160,1
4230,38,49,144,1
4231,38,50,150,1
4232,38,51,175,1
4233,38,52,152,1
4234,38,53,141,1
4235,38,54,123,1
4236,38,55,128,1
4237,38,56,134,1
4238,38,57,138,1
4239,38,58,111,1
4240,38,59,104,1
4241,38,60,101,1
4242,38,61,103,1
4243,38,62,112,1
4244,38,63,131,1
4245,38,64,138,1
4246,38,65,123,1
4247,38,66,147,1
4248,38,67,160,1
4249,38,68,154,1
4250,38,69,145,1
4251,38,70,155,1
4252,38,71,166,1
4253,38,72,155,1
4254,38,73,164,1
4255,38,74,176,1
4256,38,75,186,1
4257,38,76,199,1
4258,38,77,198,1
4259,38,78,208,1
4260,38,79,206,1
4261,38,80,102,1
4262,38,81,61,1
4263,38,82,56,1
4264,38,83,60,1
4265,38,84,212,2
4266,38,85,187,2
4267,38,86,248,2
4268,38,87,205,2
4269,38,88,113,1
4270,38,89,42,1
4271,38,90,22,1
4310,39,19,3,1
4311,39,20,29,1
4312,39,21,128,2
4313,39,22,196,2
4314,39,23,192,2
4315,39,24,192,2
4316,39,25,206,2
4317,39,26,188,2
4318,39,27,162,2
4319,39,28,148,2
4320,39,29,122,1
4321,39,30,113,1
4322,39,31,115,1
4323,39,32,66,1
4324,39,33,83,1
4325,39,34,179,1
4326,39,35,177,1
4327,39,36,171,1
4328,39,37,172,1
4329,39,38,204,1
4330,39,39,194,1
4331,39,40,209,1
4332,39,41,186,1
4333,39,42,186,1
4334,39,43,200,1
4335,39,44,172,1
4336,39,45,165,1
4337,39,46,156,1
4338,39,47,163,1
4339,39,48,156,1
4340,39,49,148,1
4341,39,50,152,1
4342,39,51,172,1
4343,39,52,165,1
4344,39,53,153,1
4345,39,54,146,1
4346,39,55,144,1
4347,39,56,140,1
4348,39,57,110,1
4349,39,58,123,1
4350,39,59,112,1
4351,39,60,103,1
4352,39,61,140,1
4353,39,62,129,1
4354,39,63,126,1
4355,39,64,135,1
4356,39,65,142,1
4357,39,66,170,1
4358,39,67,172,1
4359,39,68,159,1
4360,39,69,152,1
4361,39,70,162,1
4362,39,71,174,1
4363,39,72,172,1
4364,39,73,170,1
4365,39,74,163,1
4366,39,75,196,1
4367,39,76,197,1
4368,39,77,207,1
4369,39,78,210,1
4370,39,79,175,1
4371,39,80,121,1
4372,39,81,44,1
4373,39,82,79,1
4374,39,83,30,1
4375,39,84,193,2
4376,39,85,178,2
4377,39,86,228,2
4378,39,87,250,2
4379,39,88,219,2
4380,39,89,73,1
4381,39,90,38,1
4382,39,91,9,1
4419,40,18,8,1
4420,40,19,29,1
4421,40,20,163,2
4422,40,21,202,2
4423,40,22,207,2
4424,40,23,217,2
4425,40,24,189,2
4426,40,25,182,2
4427,40,26,167,2
4428,40,27,176,2
4429,40,28,96,1
4430,40,29,67,1
4431,40,30,103,1
4432,40,31,73,1
4433,40,32,71,1
4434,40,33,152,1
4435,40,34,185,1
4436,40,35,170,1
4437,40,36,162,1
4438,40,37,194,1
4439,40,38,184,1
4440,40,39,191,1
4441,40,40,191,1
4442,40,41,165,1
4443,40,42,159,1
4444,40,43,133,1
4445,40,44,144,1
4446,40,45,146,1
4447,40,46,145,1
4448,40,47,148,1
4449,40,48,161,1
4450,40,49,161,1
4451,40,50,158,1
4452,40,51,155,1
4453,40,52,156,1
4454,40,53,157,1
4455,40,54,165,1
4456,40,55,162,1
4457,40,56,149,1
4458,40,57,143,1
4459,40,58,137,1
4460,40,59,137,1
4461,40,60,127,1
4462,40,61,136,1
4463,40,62,152,1
4464,40,63,148,1
4465,40,64,163,1
4466,40,65,167,1
4467,40,66,167,1
4468,40,67,185,1
4469,40,68,173,1
4470,40,69,168,1
4471,40,70,167,1
4472,40,71,178,1
4473,40,72,185,1
4474,40,73,176,1
4475,40,74,173,1
4476,40,75,203,1
4477,40,76,200,1
4478,40,77,202,1
4479,40,78,223,1
4480,40,79,188,1
4481,40,80,135,1
4482,40,81,54,1
4483,40,82,68,1
4484,40,83,20,1
4485,40,84,138,1
4486,40,85,188,2
4487,40,86,205,2
4488,40,87,225,2
4489,40,88,223,2
4490,40,89,137,1
4491,40,90,46,1
4492,40,91,21,1
4493,40,92,2,1
4528,41,17,5,1
4529,41,18,22,1
4530,41,19,141,2
4531,41,20,190,2
4532,41,21,194,2
4533,41,22,157,2
4534,41,23,181,2
4535,41,24,194,2
4536,41,25,175,2
4537,41,26,207,2
4538,41,27,108,1
4539,41,28,88,1
4540,41,29,83,1
4541,41,30,88,1
4542,41,31,38,1
4543,41,32,130,1
4544,41,33,157,1
4545,41,34,175,1
4546,41,35,169,1
4547,41,36,171,1
4548,41,37,174,1
4549,41,38,195,1
4550,41,39,196,1
4551,41,40,198,1
4552,41,41,160,1
4553,41,42,154,1
4554,41,43,171,1
4555,41,44,187,1
4556,41,45,184,1
4557,41,46,163,1
4558,41,47,168,1
4559,41,48,161,1
4560,41,49,144,1
4561,41,50,139,1
4562,41,51,169,1
4563,41,52,152,1
4564,41,53,146,1
4565,41,54,156,1
4566,41,55,160,1
4567,41,56,134,1
4568,41,57,171,1
4569,41,58,125,1
4570,41,59,135,1
4571,41,60,157,1
4572,41,61,159,1
4573,41,62,158,1
4574,41,63,152,1
4575,41,64,171,1
4576,41,65,166,1
4577,41,66,173,1
4578,41,67,181,1
4579,41,68,176,1
4580,41,69,172,1
4581,41,70,171,1
4582,41,71,192,1
4583,41,72,176,1
4584,41,73,194,1
4585,41,74,193,1
4586,41,75,198,1
4587,41,76,201,1
4588,41,77,203,1
4589,41,78,219,1
4590,41,79,205,1
4591,41,80,180,1
4592,41,81,54,1
4593,41,82,58,1
4594,41,83,36,1
4595,41,84,76,1
4596,41,85,178,2
4597,41,86,202,2
4598,41,87,251,2
4599,41,88,253,2
4600,41,89,200,2
4601,41,90,76,1
4602,41,91,30,1
4603,41,92,5,1
4604,41,93,1,1
4637,42,16,1,1
4638,42,17,26,1
4639,42,18,115,2
4640,42,19,190,2
4641,42,20,188,2
4642,42,21,177,2
4643,42,22,196,2
4644,42,23,204,2
4645,42,24,180,2
4646,42,25,160,2
4647,42,26,147,2
4648,42,27,74,1
4649,42,28,88,1
4650,42,29,73,1
4651,42,30,36,1
4652,42,31,97,1
4653,42,32,159,1
4654,42,33,161,1
4655,42,34,154,1
4656,42,35,175,1
4657,42,36,185,1
4658,42,37,162,1
4659,42,38,188,1
4660,42,39,192,1
4661,42,40,158,1
4662,42,41,145,1
4663,42,42,170,1
4664,42,43,155,1
4665,42,44,140,1
4666,42,45,165,1
4667,42,46,158,1
4668,42,47,180,1
4669,42,48,184,1
4670,42,49,162,1
4671,42,50,152,1
4672,42,51,147,1
4673,42,52,129,1
4674,42,53,144,1
4675,42,54,164,1
4676,42,55,138,1
4677,42,56,143,1
4678,42,57,170,1
4679,42,58,158,1
4680,42,59,168,1
4681,42,60,177,1
4682,42,61,171,1
4683,42,62,189,1
4684,42,63,190,1
4685,42,64,190,1
4686,42,65,192,1
4687,42,66,170,1
4688,42,67,183,1
4689,42,68,183,1
4690,42,69,174,1
4691,42,70,159,1
4692,42,71,150,1
4693,42,72,171,1
4694,42,73,201,1
4695,42,74,192,1
4696,42,75,185,1
4697,42,76,196,1
4698,42,77,199,1
4699,42,78,218,1
4700,42,79,223,1
4701,42,80,201,1
4702,42,81,82,1
4703,42,82,47,1
4704,42,83,44,1
4705,42,84,34,1
4706,42,85,197,2
4707,42,86,196,2
4708,42,87,246,2
4709,42,88,254,2
4710,42,89,250,2
4711,42,90,102,1
4712,42,91,39,1
4713,42,92,11,1
4747,43,16,9,1
4748,43,17,63,1
4749,43,18,180,2
4750,43,19,184,2
4751,43,20,181,2
4752,43,21,186,2
4753,43,22,186,2
4754,43,23,186,2
4755,43,24,179,2
4756,43,25,152,2
4757,43,26,70,1
4758,43,27,43,1
4759,43,28,49,1
4760,43,29,30,1
4761,43,30,112,1
4762,43,31,158,1
4763,43,32,158,1
4764,43,33,168,1
4765,43,34,170,1
4766,43,35,186,1
4767,43,36,158,1
4768,43,37,171,1
4769,43,38,183,1
4770,43,39,160,1
4771,43,40,162,1
4772,43,41,136,1
4773,43,42,180,1
4774,43,43,169,1
4775,43,44,166,1
4776,43,45,160,1
4777,43,46,134,1
4778,43,47,182,1
4779,43,48,164,1
4780,43,49,170,1
4781,43,50,161,1
4782,43,51,169,1
4783,43,52,165,1
4784,43,53,185,1
4785,43,54,183,1
4786,43,55,171,1
4787,43,56,183,1
4788,43,57,188,1
4789,43,58,202,1
4790,43,59,176,1
4791,43,60,189,1
4792,43,61,185,1
4793,43,62,182,1
4794,43,63,174,1
4795,43,64,167,1
4796,43,65,178,1
4797,43,66,170,1
4798,43,67,183,1
4799,43,68,175,1
4800,43,69,175,1
4801,43,70,166,1
4802,43,71,178,1
4803,43,72,159,1
4804,43,73,198,1
4805,43,74,188,1
4806,43,75,191,1
4807,43,76,207,1
4808,43,77,201,1
4809,43,78,212,1
4810,43,79,216,1
4811,43,80,205,1
4812,43,81,127,1
4813,43,82,50,1
4814,43,83,57,1
4815,43,84,18,1
4816,43,85,173,2
4817,43,86,186,2
4818,43,87,232,2
4819,43,88,253,2
4820,43,89,249,2
4821,43,90,160,2
4822,43,91,44,1
4823,43,92,19,1
4824,43,93,2,1
4856,44,15,4,1
4857,44,16,32,1
4858,44,17,169,2
4859,44,18,192,2
4860,44,19,190,2
4861,44,20,173,2
4862,44,21,195,2
4863,44,22,199,2
4864,44,23,158,2
4865,44,24,199,2
4866,44,25,97,1
4867,44,26,43,1
4868,44,27,19,1
4869,44,28,8,1
4870,44,29,73,1
4871,44,30,143,1
4872,44,31,155,1
4873,44,32,174,1
4874,44,33,171,1
4875,44,34,191,1
4876,44,35,161,1
4877,44,36,159,1
4878,44,37,176,1
4879,44,38,169,1
4880,44,39,160,1
4881,44,40,136,1
4882,44,41,174,1
4883,44,42,174,1
4884,44,43,161,1
4885,44,44,181,1
4886,44,45,165,1
4887,44,46,178,1
4888,44,47,166,1
4889,44,48,168,1
4890,44,49,171,1
4891,44,50,164,1
4892,44,51,171,1
4893,44,52,181,1
4894,44,53,198,1
4895,44,54,173,1
4896,44,55,186,1
4897,44,56,187,1
4898,44,57,188,1
4899,44,58,181,1
4900,44,59,197,1
4901,44,60,208,1
4902,44,61,210,1
4903,44,62,201,1
4904,44,63,189,1
4905,44,64,201,1
4906,44,65,187,1
4907,44,66,185,1
4908,44,67,202,1
4909,44,68,179,1
4910,44,69,148,1
4911,44,70,160,1
4912,44,71,162,1
4913,44,72,161,1
4914,44,73,188,1
4915,44,74,188,1
4916,44,75,195,1
4917,44,76,210,1
4918,44,77,202,1
4919,44,78,209,1
4920,44,79,224,1
4921,44,80,216,1
4922,44,81,165,2
4923,44,82,48,1
4924,44,83,74,1
4925,44,84,20,1
4926,44,85,114,1
4927,44,86,189,2
4928,44,87,220,2
4929,44,88,252,2
4930,44,89,255,2
4931,44,90,237,2
4932,44,91,60,1
4933,44,92,31,1
4934,44,93,8,1
4935,44,94,1,1
4964,45,13,1,1
4965,45,14,1,1
4966,45,15,11,1
4967,45,16,112,2
4968,45,17,200,2
4969,45,18,195,2
4970,45,19,190,2
4971,45,20,167,2
4972,45,21,192,2
4973,45,22,195,2
4974,45,23,183,2
4975,45,24,164,2
4976,45,25,82,1
4977,45,26,16,1
4978,45,27,18,1
4979,45,28,31,1
4980,45,29,126,1
4981,45,30,158,1
4982,45,31,167,1
4983,45,32,179,1
4984,45,33,166,1
4985,45,34,203,1
4986,45,35,146,1
4987,45,36,156,1
4988,45,37,168,1
4989,45,38,144,1
4990,45,39,153,1
4991,45,40,170,1
4992,45,41,134,1
4993,45,42,148,1
4994,45,43,160,1
4995,45,44,150,1
4996,45,45,156,1
4997,45,46,181,1
4998,45,47,186,1
4999,45,48,182,1
5000,45,49,187,1
5001,45,50,182,1
5002,45,51,167,1
5003,45,52,188,1
5004,45,53,187,1
5005,45,54,145,1
5006,45,55,187,1
5007,45,56,190,1
5008,45,57,199,1
5009,45,58,211,1
5010,45,59,202,1
5011,45,60,196,1
5012,45,61,182,1
5013,45,62,199,1
5014,45,63,196,1
5015,45,64,191,1
5016,45,65,189,1
5017,45,66,183,1
5018,45,67,179,1
5019,45,68,169,1
5020,45,69,176,1
5021,45,70,170,1
5022,45,71,165,1
5023,45,72,181,1
5024,45,73,205,1
5025,45,74,219,1
5026,45,75,189,1
5027,45,76,207,1
5028,45,77,210,1
5029,45,78,208,1
5030,45,79,221,1
5031,45,80,216,1
5032,45,81,189,1
5033,45,82,50,1
5034,45,83,74,1
5035,45,84,30,1
5036,45,85,55,1
5037,45,86,210,2
5038,45,87,215,2
5039,45,88,247,2
5040,45,89,246,2
5041,45,90,221,2
5042,45,91,116,1
5043,45,92,35,1
5044,45,93,5,1
5075,46,14,2,1
5076,46,15,35,1
5077,46,16,171,2
5078,46,17,196,2
5079,46,18,209,2
5080,46,19,186,2
5081,46,20,205,2
5082,46,21,206,2
5083,46,22,155,2
5084,46,23,193,2
5085,46,24,116,1
5086,46,25,59,1
5087,46,26,6,1
5088,46,27,14,1
5089,46,28,56,1
5090,46,29,143,1
5091,46,30,157,1
5092,46,31,170,1
5093,46,32,190,1
5094,46,33,163,1
5095,46,34,180,1
5096,46,35,150,1
5097,46,36,162,1
5098,46,37,142,1
5099,46,38,156,1
5100,46,39,148,1
5101,46,40,156,1
5102,46,41,148,1
5103,46,42,168,1
5104,46,43,176,1
5105,46,44,160,1
5106,46,45,180,1
5107,46,46,169,1
5108,46,47,179,1
5109,46,48,180,1
5110,46,49,180,1
5111,46,50,170,1
5112,46,51,173,1
5113,46,52,173,1
5114,46,53,179,1
5115,46,54,178,1
5116,46,55,195,1
5117,46,56,197,1
5118,46,57,211,1
5119,46,58,199,1
5120,46,59,185,1
5121,46,60,190,1
5122,46,61,203,1
5123,46,62,192,1
5124,46,63,194,1
5125,46,64,186,1
5126,46,65,188,1
5127,46,66,178,1
5128,46,67,160,1
5129,46,68,174,1
5130,46,69,176,1
5131,46,70,170,1
5132,46,71,163,1
5133,46,72,186,1
5134,46,73,189,1
5135,46,74,220,1
5136,46,75,179,1
5137,46,76,208,1
5138,46,77,203,1
5139,46,78,200,1
5140,46,79,209,1
5141,46,80,217,1
5142,46,81,204,1
5143,46,82,97,1
5144,46,83,70,1
5145,46,84,43,1
5146,46,85,20,1
5147,46,86,188,2
5148,46,87,190,2
5149,46,88,224,2
5150,46,89,245,2
5151,46,90,252,2
5152,46,91,164,2
5153,46,92,39,1
5154,46,93,23,1
5155,46,94,2,1
5185,47,14,5,1
5186,47,15,99,2
5187,47,16,192,2
5188,47,17,194,2
5189,47,18,173,2
5190,47,19,181,2
5191,47,20,194,2
5192,47,21,191,2
5193,47,22,179,2
5194,47,23,170,2
5195,47,24,110,1
5196,47,25,59,1
5197,47,26,3,1
5198,47,27,15,1
5199,47,28,38,1
5200,47,29,134,1
5201,47,30,150,1
5202,47,31,166,1
5203,47,32,170,1
5204,47,33,175,1
5205,47,34,173,1
5206,47,35,166,1
5207,47,36,149,1
5208,47,37,150,1
5209,47,38,160,1
5210,47,39,155,1
5211,47,40,150,1
5212,47,41,121,1
5213,47,42,140,1
5214,47,43,125,1
5215,47,44,132,1
5216,47,45,174,1
5217,47,46,169,1
5218,47,47,168,1
5219,47,48,159,1
5220,47,49,163,1
5221,47,50,156,1
5222,47,51,174,1
5223,47,52,179,1
5224,47,53,166,1
5225,47,54,157,1
5226,47,55,185,1
5227,47,56,195,1
5228,47,57,184,1
5229,47,58,207,1
5230,47,59,160,1
5231,47,60,207,1
5232,47,61,216,1
5233,47,62,187,1
5234,47,63,162,1
5235,47,64,153,1
5236,47,65,148,1
5237,47,66,145,1
5238,47,67,143,1
5239,47,68,161,1
5240,47,69,161,1
5241,47,70,156,1
5242,47,71,170,1
5243,47,72,195,1
5244,47,73,181,1
5245,47,74,208,1
5246,47,75,183,1
5247,47,76,197,1
5248,47,77,210,1
5249,47,78,212,1
5250,47,79,217,1
5251,47,80,216,1
5252,47,81,200,1
5253,47,82,144,1
5254,47,83,65,1
5255,47,84,64,1
5256,47,85,15,1
5257,47,86,121,1
5258,47,87,177,2
5259,47,88,227,2
5260,47,89,252,2
5261,47,90,252,2
5262,47,91,190,2
5263,47,92,62,1
5264,47,93,32,1
5265,47,94,5,1
5293,48,12,1,1
5295,48,14,17,1
5296,48,15,168,2
5297,48,16,188,2
5298,48,17,192,2
5299,48,18,186,2
5300,48,19,200,2
5301,48,20,194,2
5302,48,21,173,2
5303,48,22,179,2
5304,48,23,185,2
5305,48,24,122,1
5306,48,25,76,1
5307,48,26,2,1
5308,48,27,6,1
5309,48,28,18,1
5310,48,29,99,1
5311,48,30,141,1
5312,48,31,152,1
5313,48,32,167,1
5314,48,33,174,1
5315,48,34,174,1
5316,48,35,162,1
5317,48,36,152,1
5318,48,37,155,1
5319,48,38,137,1
5320,48,39,158,1
5321,48,40,142,1
5322,48,41,154,1
5323,48,42,152,1
5324,48,43,163,1
5325,48,44,164,1
5326,48,45,148,1
5327,48,46,152,1
5328,48,47,153,1
5329,48,48,163,1
5330,48,49,165,1
5331,48,50,153,1
5332,48,51,154,1
5333,48,52,137,1
5334,48,53,124,1
5335,48,54,142,1
5336,48,55,142,1
5337,48,56,150,1
5338,48,57,183,1
5339,48,58,160,1
5340,48,59,150,1
5341,48,60,154,1
5342,48,61,139,1
5343,48,62,154,1
5344,48,63,185,1
5345,48,64,191,1
5346,48,65,186,1
5347,48,66,181,1
5348,48,67,183,1
5349,48,68,158,1
5350,48,69,139,1
5351,48,70,135,1
5352,48,71,121,1
5353,48,72,140,1
5354,48,73,121,1
5355,48,74,150,1
5356,48,75,165,1
5357,48,76,157,1
5358,48,77,189,1
5359,48,78,203,1
5360,48,79,214,1
5361,48,80,226,1
5362,48,81,213,1
5363,48,82,166,2
5364,48,83,47,1
5365,48,84,91,1
5366,48,85,25,1
5367,48,86,52,1
5368,48,87,185,2
5369,48,88,207,2
5370,48,89,241,2
5371,48,90,254,2
5372,48,91,251,2
5373,48,92,115,1
5374,48,93,30,1
5375,48,94,12,1
5376,48,95,2,1
5404,49,13,2,1
5405,49,14,71,1
5406,49,15,186,2
5407,49,16,196,2
5408,49,17,182,2
5409,49,18,212,2
5410,49,19,210,2
5411,49,20,196,2
5412,49,21,172,2
5413,49,22,175,2
5414,49,23,194,2
5415,49,24,110,1
5416,49,25,88,1
5417,49,26,7,1
5418,49,27,1,1
5419,49,28,10,1
5420,49,29,75,1
5421,49,30,148,1
5422,49,31,152,1
5423,49,32,174,1
5424,49,33,161,1
5425,49,34,153,1
5426,49,35,148,1
5427,49,36,130,1
5428,49,37,149,1
5429,49,38,118,1
5430,49,39,128,1
5431,49,40,133,1
5432,49,41,121,1
5433,49,42,115,1
5434,49,43,132,1
5435,49,44,155,1
5436,49,45,119,1
5437,49,46,130,1
5438,49,47,133,1
5439,49,48,150,1
5440,49,49,140,1
5441,49,50,152,1
5442,49,51,157,1
5443,49,52,145,1
5444,49,53,92,1
5445,49,54,87,1
5446,49,55,77,1
5447,49,56,49,1
5448,49,57,74,1
5449,49,58,136,1
5450,49,59,157,1
5451,49,60,191,1
5452,49,61,188,1
5453,49,62,183,1
5454,49,63,193,1
5455,49,64,185,1
5456,49,65,165,1
5457,49,66,153,1
5458,49,67,154,1
5459,49,68,165,1
5460,49,69,144,1
5461,49,70,140,1
5462,49,71,155,1
5463,49,72,171,1
5464,49,73,147,1
5465,49,74,161,1
5466,49,75,173,1
5467,49,76,142,1
5468,49,77,157,1
5469,49,78,151,1
5470,49,79,178,1
5471,49,80,202,1
5472,49,81,209,1
5473,49,82,188,1
5474,49,83,65,1
5475,49,84,86,1
5476,49,85,63,1
5477,49,86,22,1
5478,49,87,171,2
5479,49,88,183,2
5480,49,89,237,2
5481,49,90,253,2
5482,49,91,253,2
5483,49,92,148,1
5484,49,93,40,1
5485,49,94,16,1
5486,49,95,2,1
5513,50,12,1,1
5514,50,13,8,1
5515,50,14,98,2
5516,50,15,183,2
5517,50,16,199,2
5518,50,17,188,2
5519,50,18,206,2
5520,50,19,201,2
5521,50,20,202,2
5522,50,21,162,2
5523,50,22,192,2
5524,50,23,192,2
5525,50,24,119,1
5526,50,25,98,1
5527,50,26,10,1
5528,50,27,3,1
5529,50,28,9,1
5530,50,29,69,1
5531,50,30,160,1
5532,50,31,176,1
5533,50,32,181,1
5534,50,33,168,1
5535,50,34,168,1
5536,50,35,147,1
5537,50,36,121,1
5538,50,37,128,1
5539,50,38,130,1
5540,50,39,133,1
5541,50,40,128,1
5542,50,41,125,1
5543,50,42,135,1
5544,50,43,142,1
5545,50,44,149,1
5546,50,45,133,1
5547,50,46,150,1
5548,50,47,157,1
5549,50,48,155,1
5550,50,49,159,1
5551,50,50,120,1
5552,50,51,108,1
5553,50,52,91,1
5554,50,53,74,1
5555,50,54,45,1
5556,50,55,51,1
5557,50,56,76,1
5558,50,57,74,1
5559,50,58,76,1
5560,50,59,142,1
5561,50,60,154,1
5562,50,61,165,1
5563,50,62,155,1
5564,50,63,140,1
5565,50,64,173,1
5566,50,65,166,1
5567,50,66,179,1
5568,50,67,183,1
5569,50,68,186,1
5570,50,69,172,1
5571,50,70,183,1
5572,50,71,167,1
5573,50,72,174,1
5574,50,73,176,1
5575,50,74,179,1
5576,50,75,198,1
5577,50,76,182,1
5578,50,77,186,1
5579,50,78,193,1
5580,50,79,202,1
5581,50,80,210,1
5582,50,81,211,1
5583,50,82,186,1
5584,50,83,111,1
5585,50,84,59,1
5586,50,85,71,1
5587,50,86,20,1
5588,50,87,175,2
5589,50,88,188,2
5590,50,89,211,2
5591,50,90,253,2
5592,50,91,252,2
5593,50,92,199,2
5594,50,93,50,1
5595,50,94,20,1
5596,50,95,2,1
5624,51,13,13,1
5625,51,14,166,2
5626,51,15,189,2
5627,51,16,191,2
5628,51,17,203,2
5629,51,18,206,2
5630,51,19,207,2
5631,51,20,195,2
5632,51,21,169,2
5633,51,22,201,2
5634,51,23,182,2
5635,51,24,104,1
5636,51,25,121,1
5637,51,26,23,1
5638,51,27,7,1
5639,51,28,16,1
5640,51,29,105,1
5641,51,30,177,1
5642,51,31,160,1
5643,51,32,168,1
5644,51,33,172,1
5645,51,34,145,1
5646,51,35,135,1
5647,51,36,127,1
5648,51,37,133,1
5649,51,38,139,1
5650,51,39,150,1
5651,51,40,143,1
5652,51,41,133,1
5653,51,42,135,1
5654,51,43,140,1
5655,51,44,143,1
5656,51,45,155,1
5657,51,46,139,1
5658,51,47,142,1
5659,51,48,138,1
5660,51,49,143,1
5661,51,50,112,1
5662,51,51,105,1
5663,51,52,85,1
5664,51,53,56,1
5665,51,54,41,1
5666,51,55,30,1
5667,51,56,31,1
5668,51,57,69,1
5669,51,58,108,1
5670,51,59,130,1
5671,51,60,139,1
5672,51,61,165,1
5673,51,62,150,1
5674,51,63,147,1
5675,51,64,159,1
5676,51,65,173,1
5677,51,66,155,1
5678,51,67,183,1
5679,51,68,166,1
5680,51,69,144,1
5681,51,70,155,1
5682,51,71,135,1
5683,51,72,153,1
5684,51,73,143,1
5685,51,74,147,1
5686,51,75,171,1
5687,51,76,182,1
5688,51,77,182,1
5689,51,78,198,1
5690,51,79,220,1
5691,51,80,201,1
5692,51,81,217,1
5693,51,82,196,1
5694,51,83,142,1
5695,51,84,45,1
5696,51,85,77,1
5697,51,86,14,1
5698,51,87,151,1
5699,51,88,200,2
5700,51,89,206,2
5701,51,90,250,2
5702,51,91,243,2
5703,51,92,239,2
5704,51,93,74,1
5705,51,94,20,1
5706,51,95,3,1
5734,52,13,29,1
5735,52,14,175,2
5736,52,15,192,2
5737,52,16,175,2
5738,52,17,180,2
5739,52,18,199,2
5740,52,19,204,2
5741,52,20,180,2
5742,52,21,186,2
5743,52,22,200,2
5744,52,23,162,2
5745,52,24,98,1
5746,52,25,136,1
5747,52,26,22,1
5748,52,27,30,1
5749,52,28,43,1
5750,52,29,137,1
5751,52,30,179,1
5752,52,31,175,1
5753,52,32,153,1
5754,52,33,146,1
5755,52,34,146,1
5756,52,35,94,1
5757,52,36,111,1
5758,52,37,133,1
5759,52,38,120,1
5760,52,39,144,1
5761,52,40,153,1
5762,52,41,137,1
5763,52,42,146,1
5764,52,43,150,1
5765,52,44,150,1
5766,52,45,154,1
5767,52,46,146,1
5768,52,47,129,1
5769,52,48,113,1
5770,52,49,91,1
5771,52,50,90,1
5772,52,51,50,1
5773,52,52,76,1
5774,52,53,67,1
5775,52,54,91,1
5776,52,55,76,1
5777,52,56,44,1
5778,52,57,43,1
5779,52,58,76,1
5780,52,59,98,1
5781,52,60,105,1
5782,52,61,143,1
5783,52,62,167,1
5784,52,63,170,1
5785,52,64,175,1
5786,52,65,169,1
5787,52,66,153,1
5788,52,67,151,1
5789,52,68,129,1
5790,52,69,165,1
5791,52,70,176,1
5792,52,71,167,1
5793,52,72,145,1
5794,52,73,165,1
5795,52,74,131,1
5796,52,75,176,1
5797,52,76,154,1
5798,52,77,175,1
5799,52,78,173,1
5800,52,79,204,1
5801,52,80,194,1
5802,52,81,219,1
5803,52,82,202,1
5804,52,83,145,1
5805,52,84,35,1
5806,52,85,95,1
5807,52,86,29,1
5808,52,87,115,1
5809,52,88,208,2
5810,52,89,183,2
5811,52,90,240,2
5812,52,91,236,2
5813,52,92,254,2
5814,52,93,104,1
5815,52,94,24,1
5816,52,95,4,1
5843,53,12,1,1
5844,53,13,40,1
5845,53,14,183,2
5846,53,15,182,2
5847,53,16,171,2
5848,53,17,198,2
5849,53,18,174,2
5850,53,19,179,2
5851,53,20,145,1
5852,53,21,186,2
5853,53,22,189,2
5854,53,23,146,1
5855,53,24,102,1
5856,53,25,142,1
5857,53,26,32,1
5858,53,27,17,1
5859,53,28,98,1
5860,53,29,154,1
5861,53,30,161,1
5862,53,31,173,1
5863,53,32,177,1
5864,53,33,150,1
5865,53,34,155,1
5866,53,35,122,1
5867,53,36,105,1
5868,53,37,124,1
5869,53,38,88,1
5870,53,39,102,1
5871,53,40,129,1
5872,53,41,120,1
5873,53,42,137,1
5874,53,43,137,1
5875,53,44,124,1
5876,53,45,138,1
5877,53,46,157,1
5878,53,47,133,1
5879,53,48,138,1
5880,53,49,114,1
5881,53,50,71,1
5882,53,51,57,1
5883,53,52,87,1
5884,53,53,111,1
5885,53,54,88,1
5886,53,55,94,1
5887,53,56,82,1
5888,53,57,58,1
5889,53,58,62,1
5890,53,59,125,1
5891,53,60,133,1
5892,53,61,145,1
5893,53,62,162,1
5894,53,63,166,1
5895,53,64,170,1
5896,53,65,170,1
5897,53,66,161,1
5898,53,67,165,1
5899,53,68,159,1
5900,53,69,134,1
5901,53,70,134,1
5902,53,71,133,1
5903,53,72,152,1
5904,53,73,154,1
5905,53,74,184,1
5906,53,75,162,1
5907,53,76,169,1
5908,53,77,165,1
5909,53,78,177,1
5910,53,79,206,1
5911,53,80,193,1
5912,53,81,219,1
5913,53,82,205,1
5914,53,83,163,1
5915,53,84,38,1
5916,53,85,65,1
5917,53,86,57,1
5918,53,87,100,1
5919,53,88,197,2
5920,53,89,196,2
5921,53,90,198,2
5922,53,91,250,2
5923,53,92,254,2
5924,53,93,157,1
5925,53,94,39,1
5926,53,95,4,1
5927,53,96,1,1
5952,54,11,1,1
5953,54,12,2,1
5954,54,13,64,1
5955,54,14,183,2
5956,54,15,179,2
5957,54,16,182,2
5958,54,17,198,2
5959,54,18,198,2
5960,54,19,197,2
5961,54,20,168,2
5962,54,21,179,2
5963,54,22,160,2
5964,54,23,158,2
5965,54,24,121,1
5966,54,25,137,1
5967,54,26,49,1
5968,54,27,16,1
5969,54,28,126,1
5970,54,29,153,1
5971,54,30,166,1
5972,54,31,178,1
5973,54,32,182,1
5974,54,33,143,1
5975,54,34,142,1
5976,54,35,105,1
5977,54,36,131,1
5978,54,37,126,1
5979,54,38,122,1
5980,54,39,102,1
5981,54,40,99,1
5982,54,41,116,1
5983,54,42,127,1
5984,54,43,136,1
5985,54,44,166,1
5986,54,45,170,1
5987,54,46,159,1
5988,54,47,137,1
5989,54,48,133,1
5990,54,49,100,1
5991,54,50,77,1
5992,54,51,107,1
5993,54,52,138,1
5994,54,53,129,1
5995,54,54,141,1
5996,54,55,141,1
5997,54,56,114,1
5998,54,57,84,1
5999,54,58,57,1
6000,54,59,102,1
6001,54,60,131,1
6002,54,61,121,1
6003,54,62,140,1
6004,54,63,166,1
6005,54,64,160,1
6006,54,65,160,1
6007,54,66,158,1
6008,54,67,147,1
6009,54,68,158,1
6010,54,69,162,1
6011,54,70,160,1
6012,54,71,145,1
6013,54,72,174,1
6014,54,73,149,1
6015,54,74,169,1
6016,54,75,174,1
6017,54,76,180,1
6018,54,77,156,1
6019,54,78,160,1
6020,54,79,204,1
6021,54,80,196,1
6022,54,81,208,1
6023,54,82,217,1
6024,54,83,170,1
6025,54,84,37,1
6026,54,85,34,1
6027,54,86,68,1
6028,54,87,49,1
6029,54,88,194,2
6030,54,89,205,2
6031,54,90,210,2
6032,54,91,248,2
6033,54,92,252,2
6034,54,93,183,2
6035,54,94,34,1
6036,54,95,9,1
6037,54,96,1,1
6063,55,12,3,1
6064,55,13,84,1
6065,55,14,186,2
6066,55,15,188,2
6067,55,16,183,2
6068,55,17,206,2
6069,55,18,201,2
6070,55,19,193,2
6071,55,20,171,2
6072,55,21,200,2
6073,55,22,156,2
6074,55,23,169,2
6075,55,24,140,1
6076,55,25,131,1
6077,55,26,54,1
6078,55,27,21,1
6079,55,28,133,1
6080,55,29,146,1
6081,55,30,155,1
6082,55,31,184,1
6083,55,32,174,1
6084,55,33,161,1
6085,55,34,143,1
6086,55,35,127,1
6087,55,36,142,1
6088,55,37,133,1
6089,55,38,106,1
6090,55,39,135,1
6091,55,40,152,1
6092,55,41,124,1
6093,55,42,142,1
6094,55,43,134,1
6095,55,44,153,1
6096,55,45,136,1
6097,55,46,163,1
6098,55,47,142,1
6099,55,48,137,1
6100,55,49,96,1
6101,55,50,144,1
6102,55,51,135,1
6103,55,52,128,1
6104,55,53,152,1
6105,55,54,138,1
6106,55,55,124,1
6107,55,56,78,1
6108,55,57,56,1
6109,55,58,49,1
6110,55,59,63,1
6111,55,60,119,1
6112,55,61,138,1
6113,55,62,142,1
6114,55,63,146,1
6115,55,64,151,1
6116,55,65,158,1
6117,55,66,139,1
6118,55,67,144,1
6119,55,68,117,1
6120,55,69,119,1
6121,55,70,133,1
6122,55,71,127,1
6123,55,72,143,1
6124,55,73,138,1
6125,55,74,160,1
6126,55,75,145,1
6127,55,76,147,1
6128,55,77,146,1
6129,55,78,146,1
6130,55,79,166,1
6131,55,80,194,1
6132,55,81,201,1
6133,55,82,207,1
6134,55,83,174,1
6135,55,84,34,1
6136,55,85,20,1
6137,55,86,48,1
6138,55,87,19,1
6139,55,88,184,2
6140,55,89,213,2
6141,55,90,222,2
6142,55,91,230,2
6143,55,92,251,2
6144,55,93,192,2
6145,55,94,37,1
6146,55,95,10,1
6147,55,96,1,1
6173,56,12,1,1
6174,56,13,105,1
6175,56,14,174,2
6176,56,15,189,2
6177,56,16,175,2
6178,56,17,202,2
6179,56,18,200,2
6180,56,19,181,2
6181,56,20,183,2
6182,56,21,198,2
6183,56,22,172,2
6184,56,23,167,2
6185,56,24,85,1
6186,56,25,109,1
6187,56,26,57,1
6188,56,27,21,1
6189,56,28,155,1
6190,56,29,163,1
6191,56,30,163,1
6192,56,31,174,1
6193,56,32,157,1
6194,56,33,118,1
6195,56,34,138,1
6196,56,35,135,1
6197,56,36,151,1
6198,56,37,142,1
6199,56,38,103,1
6200,56,39,133,1
6201,56,40,144,1
6202,56,41,137,1
6203,56,42,122,1
6204,56,43,146,1
6205,56,44,156,1
6206,56,45,154,1
6207,56,46,141,1
6208,56,47,123,1
6209,56,48,104,1
6210,56,49,160,1
6211,56,50,173,1
6212,56,51,129,1
6213,56,52,112,1
6214,56,53,156,1
6215,56,54,131,1
6216,56,55,124,1
6217,56,56,21,1
6218,56,57,13,1
6219,56,58,39,1
6220,56,59,43,1
6221,56,60,50,1
6222,56,61,120,1
6223,56,62,146,1
6224,56,63,156,1
6225,56,64,166,1
6226,56,65,145,1
6227,56,66,151,1
6228,56,67,146,1
6229,56,68,158,1
6230,56,69,159,1
6231,56,70,147,1
6232,56,71,133,1
6233,56,72,153,1
6234,56,73,133,1
6235,56,74,136,1
6236,56,75,139,1
6237,56,76,177,1
6238,56,77,173,1
6239,56,78,167,1
6240,56,79,169,1
6241,56,80,191,1
6242,56,81,203,1
6243,56,82,190,1
6244,56,83,171,1
6245,56,84,20,1
6246,56,85,25,1
6247,56,86,39,1
6248,56,87,8,1
6249,56,88,159,1
6250,56,89,205,2
6251,56,90,227,2
6252,56,91,208,2
6253,56,92,245,2
6254,56,93,210,2
6255,56,94,52,1
6256,56,95,15,1
6257,56,96,1,1
6283,57,12,6,1
6284,57,13,113,1
6285,57,14,160,2
6286,57,15,188,2
6287,57,16,175,2
6288,57,17,202,2
6289,57,18,198,2
6290,57,19,175,2
6291,57,20,192,2
6292,57,21,205,2
6293,57,22,173,2
6294,57,23,183,2
6295,57,24,109,1
6296,57,25,69,1
6297,57,26,60,1
6298,57,27,20,1
6299,57,28,144,1
6300,57,29,151,1
6301,57,30,154,1
6302,57,31,173,1
6303,57,32,192,1
6304,57,33,136,1
6305,57,34,115,1
6306,57,35,121,1
6307,57,36,123,1
6308,57,37,136,1
6309,57,38,148,1
6310,57,39,145,1
6311,57,40,127,1
6312,57,41,125,1
6313,57,42,136,1
6314,57,43,150,1
6315,57,44,163,1
6316,57,45,163,1
6317,57,46,144,1
6318,57,47,96,1
6319,57,48,128,1
6320,57,49,114,1
6321,57,50,127,1
6322,57,51,162,1
6323,57,52,159,1
6324,57,53,132,1
6325,57,54,113,1
6326,57,55,156,1
6327,57,56,75,1
6328,57,57,4,1
6329,57,58,35,1
6330,57,59,20,1
6331,57,60,43,1
6332,57,61,92,1
6333,57,62,146,1
6334,57,63,143,1
6335,57,64,147,1
6336,57,65,136,1
6337,57,66,148,1
6338,57,67,149,1
6339,57,68,160,1
6340,57,69,145,1
6341,57,70,122,1
6342,57,71,142,1
6343,57,72,152,1
6344,57,73,164,1
6345,57,74,156,1
6346,57,75,158,1
6347,57,76,170,1
6348,57,77,150,1
6349,57,78,141,1
6350,57,79,173,1
6351,57,80,190,1
6352,57,81,204,1
6353,57,82,194,1
6354,57,83,119,1
6355,57,84,15,1
6356,57,85,26,1
6357,57,86,44,1
6358,57,87,6,1
6359,57,88,137,1
6360,57,89,188,2
6361,57,90,231,2
6362,57,91,231,2
6363,57,92,229,2
6364,57,93,181,2
6365,57,94,62,1
6366,57,95,10,1
6393,58,12,5,1
6394,58,13,91,1
6395,58,14,139,2
6396,58,15,160,2
6397,58,16,181,2
6398,58,17,177,2
6399,58,18,200,2
6400,58,19,167,2
6401,58,20,188,2
6402,58,21,191,2
6403,58,22,162,2
6404,58,23,175,2
6405,58,24,127,1
6406,58,25,76,1
6407,58,26,74,1
6408,58,27,30,1
6409,58,28,139,1
6410,58,29,151,1
6411,58,30,163,1
6412,58,31,188,1
6413,58,32,189,1
6414,58,33,134,1
6415,58,34,133,1
6416,58,35,135,1
6417,58,36,130,1
6418,58,37,165,1
6419,58,38,159,1
6420,58,39,138,1
6421,58,40,148,1
6422,58,41,150,1
6423,58,42,149,1
6424,58,43,171,1
6425,58,44,175,1
6426,58,45,163,1
6427,58,46,126,1
6428,58,47,96,1
6429,58,48,125,1
6430,58,49,135,1
6431,58,50,141,1
6432,58,51,180,1
6433,58,52,139,1
6434,58,53,121,1
6435,58,54,123,1
6436,58,55,145,1
6437,58,56,130,1
6438,58,57,33,1
6439,58,58,11,1
6440,58,59,19,1
6441,58,60,27,1
6442,58,61,57,1
6443,58,62,129,1
6444,58,63,171,1
6445,58,64,167,1
6446,58,65,175,1
6447,58,66,155,1
6448,58,67,144,1
6449,58,68,139,1
6450,58,69,127,1
6451,58,70,134,1
6452,58,71,123,1
6453,58,72,143,1
6454,58,73,172,1
6455,58,74,132,1
6456,58,75,191,1
6457,58,76,173,1
6458,58,77,130,1
6459,58,78,163,1
6460,58,79,174,1
6461,58,80,180,1
6462,58,81,185,1
6463,58,82,176,1
6464,58,83,60,1
6465,58,84,19,1
6466,58,85,29,1
6467,58,86,40,1
6468,58,87,16,1
6469,58,88,117,1
6470,58,89,189,2
6471,58,90,210,2
6472,58,91,236,2
6473,58,92,253,2
6474,58,93,215,2
6475,58,94,48,1
6476,58,95,11,1
6477,58,96,2,1
6503,59,12,1,1
6504,59,13,92,1
6505,59,14,175,2
6506,59,15,163,2
6507,59,16,203,2
6508,59,17,195,2
6509,59,18,198,2
6510,59,19,169,2
6511,59,20,183,2
6512,59,21,173,2
6513,59,22,159,2
6514,59,23,179,2
6515,59,24,118,1
6516,59,25,50,1
6517,59,26,90,1
6518,59,27,23,1
6519,59,28,138,1
6520,59,29,157,1
6521,59,30,168,1
6522,59,31,179,1
6523,59,32,180,1
6524,59,33,128,1
6525,59,34,132,1
6526,59,35,143,1
6527,59,36,155,1
6528,59,37,151,1
6529,59,38,159,1
6530,59,39,154,1
6531,59,40,154,1
6532,59,41,157,1
6533,59,42,157,1
6534,59,43,176,1
6535,59,44,165,1
6536,59,45,153,1
6537,59,46,95,1
6538,59,47,142,1
6539,59,48,139,1
6540,59,49,159,1
6541,59,50,161,1
6542,59,51,131,1
6543,59,52,108,1
6544,59,53,119,1
6545,59,54,119,1
6546,59,55,127,1
6547,59,56,124,1
6548,59,57,87,1
6549,59,58,17,1
6550,59,59,11,1
6551,59,60,20,1
6552,59,61,25,1
6553,59,62,115,1
6554,59,63,174,1
6555,59,64,185,1
6556,59,65,192,1
6557,59,66,186,1
6558,59,67,173,1
6559,59,68,162,1
6560,59,69,167,1
6561,59,70,153,1
6562,59,71,128,1
6563,59,72,148,1
6564,59,73,177,1
6565,59,74,168,1
6566,59,75,185,1
6567,59,76,178,1
6568,59,77,144,1
6569,59,78,178,1
6570,59,79,166,1
6571,59,80,172,1
6572,59,81,185,1
6573,59,82,156,1
6574,59,83,26,1
6575,59,84,25,1
6576,59,85,28,1
6577,59,86,46,1
6578,59,87,54,1
6579,59,88,112,1
6580,59,89,193,2
6581,59,90,206,2
6582,59,91,244,2
6583,59,92,252,2
6584,59,93,182,2
6585,59,94,46,1
6586,59,95,7,1
6587,59,96,1,1
6613,60,12,1,1
6614,60,13,64,1
6615,60,14,161,2
6616,60,15,182,2
6617,60,16,193,2
6618,60,17,193,2
6619,60,18,196,2
6620,60,19,161,2
6621,60,20,189,2
6622,60,21,186,2
6623,60,22,142,2
6624,60,23,128,1
6625,60,24,63,1
6626,60,25,39,1
6627,60,26,88,1
6628,60,27,21,1
6629,60,28,112,1
6630,60,29,161,1
6631,60,30,158,1
6632,60,31,174,1
6633,60,32,164,1
6634,60,33,144,1
6635,60,34,146,1
6636,60,35,133,1
6637,60,36,156,1
6638,60,37,153,1
6639,60,38,148,1
6640,60,39,150,1
6641,60,40,154,1
6642,60,41,161,1
6643,60,42,155,1
6644,60,43,171,1
6645,60,44,165,1
6646,60,45,156,1
6647,60,46,106,1
6648,60,47,111,1
6649,60,48,113,1
6650,60,49,123,1
6651,60,50,139,1
6652,60,51,136,1
6653,60,52,103,1
6654,60,53,92,1
6655,60,54,93,1
6656,60,55,96,1
6657,60,56,127,1
6658,60,57,95,1
6659,60,58,56,1
6660,60,59,18,1
6661,60,60,14,1
6662,60,61,19,1
6663,60,62,54,1
6664,60,63,170,1
6665,60,64,182,1
6666,60,65,194,1
6667,60,66,185,1
6668,60,67,190,1
6669,60,68,187,1
6670,60,69,163,1
6671,60,70,169,1
6672,60,71,158,1
6673,60,72,144,1
6674,60,73,156,1
6675,60,74,169,1
6676,60,75,171,1
6677,60,76,138,1
6678,60,77,183,1
6679,60,78,189,1
6680,60,79,165,1
6681,60,80,183,1
6682,60,81,187,1
6683,60,82,77,1
6684,60,83,26,1
6685,60,84,26,1
6686,60,85,18,1
6687,60,86,31,1
6688,60,87,29,1
6689,60,88,124,1
6690,60,89,201,2
6691,60,90,211,2
6692,60,91,251,2
6693,60,92,247,2
6694,60,93,118,1
6695,60,94,26,1
6696,60,95,5,1
6724,61,13,45,1
6725,61,14,176,2
6726,61,15,191,2
6727,61,16,192,2
6728,61,17,190,2
6729,61,18,166,2
6730,61,19,190,2
6731,61,20,174,2
6732,61,21,180,2
6733,61,22,152,2
6734,61,23,100,1
6735,61,24,54,1
6736,61,25,27,1
6737,61,26,84,1
6738,61,27,39,1
6739,61,28,57,1
6740,61,29,166,1
6741,61,30,159,1
6742,61,31,179,1
6743,61,32,155,1
6744,61,33,141,1
6745,61,34,159,1
6746,61,35,143,1
6747,61,36,151,1
6748,61,37,148,1
6749,61,38,145,1
6750,61,39,154,1
6751,61,40,157,1
6752,61,41,156,1
6753,61,42,160,1
6754,61,43,179,1
6755,61,44,172,1
6756,61,45,169,1
6757,61,46,107,1
6758,61,47,113,1
6759,61,48,89,1
6760,61,49,68,1
6761,61,50,58,1
6762,61,51,57,1
6763,61,52,27,1
6764,61,53,31,1
6765,61,54,36,1
6766,61,55,80,1
6767,61,56,131,1
6768,61,57,85,1
6769,61,58,79,1
6770,61,59,63,1
6771,61,60,17,1
6772,61,61,20,1
6773,61,62,34,1
6774,61,63,133,1
6775,61,64,176,1
6776,61,65,184,1
6777,61,66,178,1
6778,61,67,195,1
6779,61,68,175,1
6780,61,69,172,1
6781,61,70,157,1
6782,61,71,158,1
6783,61,72,163,1
6784,61,73,140,1
6785,61,74,162,1
6786,61,75,149,1
6787,61,76,174,1
6788,61,77,170,1
6789,61,78,160,1
6790,61,79,178,1
6791,61,80,162,1
6792,61,81,135,1
6793,61,82,27,1
6794,61,83,18,1
6795,61,84,15,1
6796,61,85,6,1
6797,61,86,51,1
6798,61,87,35,1
6799,61,88,180,2
6800,61,89,212,2
6801,61,90,227,2
6802,61,91,253,2
6803,61,92,230,2
6804,61,93,104,1
6805,61,94,19,1
6806,61,95,3,1
6834,62,13,21,1
6835,62,14,166,2
6836,62,15,188,2
6837,62,16,192,2
6838,62,17,192,2
6839,62,18,183,2
6840,62,19,179,2
6841,62,20,184,2
6842,62,21,197,2
6843,62,22,145,2
6844,62,23,69,1
6845,62,24,56,1
6846,62,25,54,1
6847,62,26,124,2
6848,62,27,43,1
6849,62,28,63,1
6850,62,29,162,1
6851,62,30,153,1
6852,62,31,170,1
6853,62,32,170,1
6854,62,33,148,1
6855,62,34,148,1
6856,62,35,156,1
6857,62,36,152,1
6858,62,37,158,1
6859,62,38,146,1
6860,62,39,153,1
6861,62,40,164,1
6862,62,41,162,1
6863,62,42,158,1
6864,62,43,177,1
6865,62,44,168,1
6866,62,45,162,1
6867,62,46,103,1
6868,62,47,113,1
6869,62,48,64,1
6870,62,49,36,1
6871,62,50,53,1
6872,62,51,45,1
6873,62,52,83,1
6874,62,53,80,1
6875,62,54,105,1
6876,62,55,101,1
6877,62,56,129,1
6878,62,57,88,1
6879,62,58,90,1
6880,62,59,75,1
6881,62,60,25,1
6882,62,61,16,1
6883,62,62,17,1
6884,62,63,92,1
6885,62,64,156,1
6886,62,65,176,1
6887,62,66,183,1
6888,62,67,200,1
6889,62,68,176,1
6890,62,69,163,1
6891,62,70,177,1
6892,62,71,155,1
6893,62,72,161,1
6894,62,73,146,1
6895,62,74,170,1
6896,62,75,138,1
6897,62,76,176,1
6898,62,77,151,1
6899,62,78,197,1
6900,62,79,186,1
6901,62,80,152,1
6902,62,81,69,1
6903,62,82,27,1
6904,62,83,14,1
6905,62,84,4,1
6906,62,85,10,1
6907,62,86,35,1
6908,62,87,66,1
6909,62,88,203,2
6910,62,89,206,2
6911,62,90,233,2
6912,62,91,243,2
6913,62,92,171,2
6914,62,93,40,1
6915,62,94,10,1
6916,62,95,1,1
6944,63,13,13,1
6945,63,14,135,2
6946,63,15,192,2
6947,63,16,187,2
6948,63,17,209,2
6949,63,18,196,2
6950,63,19,105,1
6951,63,20,69,1
6952,63,21,136,2
6953,63,22,86,1
6954,63,23,56,1
6955,63,24,55,1
6956,63,25,74,1
6957,63,26,154,2
6958,63,27,44,1
6959,63,28,77,1
6960,63,29,148,1
6961,63,30,142,1
6962,63,31,159,1
6963,63,32,163,1
6964,63,33,151,1
6965,63,34,157,1
6966,63,35,141,1
6967,63,36,148,1
6968,63,37,145,1
6969,63,38,152,1
6970,63,39,164,1
6971,63,40,161,1
6972,63,41,158,1
6973,63,42,168,1
6974,63,43,171,1
6975,63,44,173,1
6976,63,45,168,1
6977,63,46,101,1
6978,63,47,96,1
6979,63,48,23,1
6980,63,49,63,1
6981,63,50,65,1
6982,63,51,90,1
6983,63,52,135,1
6984,63,53,129,1
6985,63,54,124,1
6986,63,55,70,1
6987,63,56,66,1
6988,63,57,107,1
6989,63,58,148,1
6990,63,59,80,1
6991,63,60,62,1
6992,63,61,37,1
6993,63,62,33,1
6994,63,63,102,1
6995,63,64,140,1
6996,63,65,160,1
6997,63,66,181,1
6998,63,67,185,1
6999,63,68,170,1
7000,63,69,164,1
7001,63,70,181,1
7002,63,71,161,1
7003,63,72,156,1
7004,63,73,157,1
7005,63,74,157,1
7006,63,75,185,1
7007,63,76,187,1
7008,63,77,202,1
7009,63,78,183,1
7010,63,79,186,1
7011,63,80,120,1
7012,63,81,20,1
7013,63,82,22,1
7014,63,83,35,1
7015,63,84,38,1
7016,63,85,51,1
7017,63,86,49,1
7018,63,87,168,2
7019,63,88,210,2
7020,63,89,221,2
7021,63,90,240,2
7022,63,91,228,2
7023,63,92,108,1
7024,63,93,28,1
7025,63,94,3,1
7054,64,13,3,1
7055,64,14,88,1
7056,64,15,194,2
7057,64,16,194,2
7058,64,17,217,2
7059,64,18,205,2
7060,64,19,93,1
7061,64,20,42,1
7062,64,21,119,2
7063,64,22,121,2
7064,64,23,28,1
7065,64,24,54,1
7066,64,25,84,1
7067,64,26,144,2
7068,64,27,40,1
7069,64,28,114,1
7070,64,29,140,1
7071,64,30,138,1
7072,64,31,149,1
7073,64,32,156,1
7074,64,33,153,1
7075,64,34,139,1
7076,64,35,140,1
7077,64,36,139,1
7078,64,37,137,1
7079,64,38,131,1
7080,64,39,159,1
7081,64,40,157,1
7082,64,41,162,1
7083,64,42,177,1
7084,64,43,176,1
7085,64,44,171,1
7086,64,45,165,1
7087,64,46,111,1
7088,64,47,70,1
7089,64,48,27,1
7090,64,49,61,1
7091,64,50,62,1
7092,64,51,58,1
7093,64,52,65,1
7094,64,53,70,1
7095,64,54,81,1
7096,64,55,111,1
7097,64,56,128,1
7098,64,57,85,1
7099,64,58,109,1
7100,64,59,149,1
7101,64,60,48,1
7102,64,61,59,1
7103,64,62,33,1
7104,64,63,106,1
7105,64,64,132,1
7106,64,65,159,1
7107,64,66,176,1
7108,64,67,176,1
7109,64,68,179,1
7110,64,69,172,1
7111,64,70,162,1
7112,64,71,169,1
7113,64,72,175,1
7114,64,73,190,1
7115,64,74,158,1
7116,64,75,188,1
7117,64,76,197,1
7118,64,77,211,1
7119,64,78,190,1
7120,64,79,187,1
7121,64,80,92,1
7122,64,81,22,1
7123,64,82,23,1
7124,64,83,52,1
7125,64,84,80,1
7126,64,85,86,1
7127,64,86,122,1
7128,64,87,205,2
7129,64,88,223,2
7130,64,89,223,2
7131,64,90,248,2
7132,64,91,234,2
7133,64,92,73,1
7134,64,93,21,1
7135,64,94,2,1
7164,65,13,1,1
7165,65,14,64,1
7166,65,15,179,2
7167,65,16,196,2
7168,65,17,203,2
7169,65,18,200,2
7170,65,19,139,2
7171,65,20,71,1
7172,65,21,116,2
7173,65,22,134,2
7174,65,23,48,1
7175,65,24,62,1
7176,65,25,129,2
7177,65,26,144,2
7178,65,27,45,1
7179,65,28,52,1
7180,65,29,109,1
7181,65,30,121,1
7182,65,31,131,1
7183,65,32,130,1
7184,65,33,128,1
7185,65,34,119,1
7186,65,35,108,1
7187,65,36,109,1
7188,65,37,125,1
7189,65,38,131,1
7190,65,39,140,1
7191,65,40,146,1
7192,65,41,154,1
7193,65,42,153,1
7194,65,43,152,1
7195,65,44,156,1
7196,65,45,149,1
7197,65,46,86,1
7198,65,47,62,1
7199,65,48,37,1
7200,65,49,57,1
7201,65,50,59,1
7202,65,51,62,1
7203,65,52,61,1
7204,65,53,67,1
7205,65,54,61,1
7206,65,55,67,1
7207,65,56,73,1
7208,65,57,134,1
7209,65,58,77,1
7210,65,59,102,1
7211,65,60,38,1
7212,65,61,84,1
7213,65,62,33,1
7214,65,63,99,1
7215,65,64,123,1
7216,65,65,144,1
7217,65,66,166,1
7218,65,67,175,1
7219,65,68,167,1
7220,65,69,157,1
7221,65,70,175,1
7222,65,71,167,1
7223,65,72,189,1
7224,65,73,181,1
7225,65,74,165,1
7226,65,75,181,1
7227,65,76,205,1
7228,65,77,201,1
7229,65,78,197,1
7230,65,79,182,1
7231,65,80,56,1
7232,65,81,27,1
7233,65,82,30,1
7234,65,83,73,1
7235,65,84,116,1
7236,65,85,101,1
7237,65,86,169,2
7238,65,87,208,2
7239,65,88,232,2
7240,65,89,225,2
7241,65,90,250,2
7242,65,91,228,2
7243,65,92,58,1
7244,65,93,9,1
7275,66,14,13,1
7276,66,15,140,2
7277,66,16,192,2
7278,66,17,177,2
7279,66,18,173,2
7280,66,19,192,2
7281,66,20,173,2
7282,66,21,148,2
7283,66,22,156,2
7284,66,23,53,1
7285,66,24,71,1
7286,66,25,152,2
7287,66,26,143,2
7288,66,27,93,2
7289,66,28,29,1
7290,66,29,38,1
7291,66,30,31,1
7292,66,31,39,1
7293,66,32,51,1
7294,66,33,58,1
7295,66,34,70,1
7296,66,35,85,1
7297,66,36,94,1
7298,66,37,100,1
7299,66,38,109,1
7300,66,39,129,1
7301,66,40,134,1
7302,66,41,144,1
7303,66,42,158,1
7304,66,43,146,1
7305,66,44,139,1
7306,66,45,73,1
7307,66,46,57,1
7308,66,47,33,1
7309,66,48,61,1
7310,66,49,59,1
7311,66,50,55,1
7312,66,51,63,1
7313,66,52,67,1
7314,66,53,62,1
7315,66,54,62,1
7316,66,55,59,1
7317,66,56,63,1
7318,66,57,85,1
7319,66,58,211,1
7320,66,59,94,1
7321,66,60,26,1
7322,66,61,35,1
7323,66,62,55,1
7324,66,63,50,1
7325,66,64,78,1
7326,66,65,117,1
7327,66,66,141,1
7328,66,67,152,1
7329,66,68,148,1
7330,66,69,163,1
7331,66,70,171,1
7332,66,71,170,1
7333,66,72,178,1
7334,66,73,159,1
7335,66,74,155,1
7336,66,75,184,1
7337,66,76,213,1
7338,66,77,203,1
7339,66,78,199,1
7340,66,79,103,1
7341,66,80,46,1
7342,66,81,11,1
7343,66,82,41,1
7344,66,83,99,1
7345,66,84,129,1
7346,66,85,127,1
7347,66,86,169,2
7348,66,87,209,2
7349,66,88,217,2
7350,66,89,208,2
7351,66,90,234,2
7352,66,91,182,2
7353,66,92,26,1
7354,66,93,5,1
7385,67,14,9,1
7386,67,15,63,1
7387,67,16,185,2
7388,67,17,176,2
7389,67,18,206,2
7390,67,19,209,2
7391,67,20,185,2
7392,67,21,180,2
7393,67,22,187,2
7394,67,23,70,1
7395,67,24,74,1
7396,67,25,151,2
7397,67,26,137,2
7398,67,27,94,2
7399,67,28,43,1
7400,67,29,34,1
7401,67,30,49,1
7402,67,31,38,1
7403,67,32,39,1
7404,67,33,26,1
7405,67,34,26,1
7406,67,35,36,1
7407,67,36,46,1
7408,67,37,70,1
7409,67,38,82,1
7410,67,39,112,1
7411,67,40,112,1
7412,67,41,120,1
7413,67,42,106,1
7414,67,43,78,1
7415,67,44,50,1
7416,67,45,57,1
7417,67,46,34,1
7418,67,47,27,1
7419,67,48,63,1
7420,67,49,56,1
7421,67,50,62,1
7422,67,51,66,1
7423,67,52,71,1
7424,67,53,70,1
7425,67,54,67,1
7426,67,55,66,1
7427,67,56,65,1
7428,67,57,69,1
7429,67,58,142,1
7430,67,59,179,1
7431,67,60,84,1
7432,67,61,39,1
7433,67,62,57,1
7434,67,63,21,1
7435,67,64,40,1
7436,67,65,75,1
7437,67,66,116,1
7438,67,67,125,1
7439,67,68,144,1
7440,67,69,146,1
7441,67,70,142,1
7442,67,71,164,1
7443,67,72,163,1
7444,67,73,143,1
7445,67,74,160,1
7446,67,75,195,1
7447,67,76,205,1
7448,67,77,204,1
7449,67,78,160,1
7450,67,79,67,1
7451,67,80,20,1
7452,67,81,13,1
7453,67,82,70,1
7454,67,83,100,1
7455,67,84,112,1
7456,67,85,143,1
7457,67,86,199,2
7458,67,87,208,2
7459,67,88,234,2
7460,67,89,232,2
7461,67,90,240,2
7462,67,91,190,2
7463,67,92,36,1
7464,67,93,2,1
7496,68,15,23,1
7497,68,16,152,2
7498,68,17,196,2
7499,68,18,192,2
7500,68,19,204,2
7501,68,20,200,2
7502,68,21,181,2
7503,68,22,186,2
7504,68,23,110,2
7505,68,24,65,1
7506,68,25,161,2
7507,68,26,165,2
7508,68,27,127,2
7509,68,28,127,2
7510,68,29,33,1
7511,68,30,23,1
7512,68,31,40,1
7513,68,32,55,1
7514,68,33,60,1
7515,68,34,66,1
7516,68,35,61,1
7517,68,36,49,1
7518,68,37,37,1
7519,68,38,35,1
7520,68,39,34,1
7521,68,40,29,1
7522,68,41,35,1
7523,68,42,38,1
7524,68,43,46,1
7525,68,44,46,1
7526,68,45,31,1
7527,68,46,35,1
7528,68,47,65,1
7529,68,48,60,1
7530,68,49,63,1
7531,68,50,66,1
7532,68,51,62,1
7533,68,52,72,1
7534,68,53,64,1
7535,68,54,62,1
7536,68,55,58,1
7537,68,56,50,1
7538,68,57,70,1
7539,68,58,149,1
7540,68,59,202,1
7541,68,60,177,1
7542,68,61,80,1
7543,68,62,12,1
7544,68,63,36,1
7545,68,64,49,1
7546,68,65,34,1
7547,68,66,76,1
7548,68,67,113,1
7549,68,68,121,1
7550,68,69,123,1
7551,68,70,122,1
7552,68,71,142,1
7553,68,72,143,1
7554,68,73,143,1
7555,68,74,160,1
7556,68,75,171,1
7557,68,76,187,1
7558,68,77,186,1
7559,68,78,85,1
7560,68,79,31,1
7561,68,80,15,1
7562,68,81,23,1
7563,68,82,106,1
7564,68,83,138,1
7565,68,84,94,1
7566,68,85,132,1
7567,68,86,208,2
7568,68,87,203,2
7569,68,88,231,2
7570,68,89,240,2
7571,68,90,251,2
7572,68,91,183,2
7573,68,92,27,1
7574,68,93,4,1
7606,69,15,3,1
7607,69,16,80,1
7608,69,17,194,2
7609,69,18,198,2
7610,69,19,209,2
7611,69,20,198,2
7612,69,21,202,2
7613,69,22,176,2
7614,69,23,158,2
7615,69,24,80,1
7616,69,25,113,2
7617,69,26,78,1
7618,69,27,107,2
7619,69,28,172,2
7620,69,29,103,2
7621,69,30,53,1
7622,69,31,26,1
7623,69,32,23,1
7624,69,33,40,1
7625,69,34,48,1
7626,69,35,56,1
7627,69,36,54,1
7628,69,37,61,1
7629,69,38,57,1
7630,69,39,58,1
7631,69,40,56,1
7632,69,41,44,1
7633,69,42,41,1
7634,69,43,26,1
7635,69,44,22,1
7636,69,45,49,1
7637,69,46,59,1
7638,69,47,60,1
7639,69,48,69,1
7640,69,49,69,1
7641,69,50,73,1
7642,69,51,63,1
7643,69,52,61,1
7644,69,53,67,1
7645,69,54,60,1
7646,69,55,57,1
7647,69,56,62,1
7648,69,57,62,1
7649,69,58,106,1
7650,69,59,72,1
7651,69,60,197,1
7652,69,61,208,1
7653,69,62,101,1
7654,69,63,12,1
7655,69,64,53,1
7656,69,65,62,1
7657,69,66,42,1
7658,69,67,58,1
7659,69,68,89,1
7660,69,69,93,1
7661,69,70,107,1
7662,69,71,117,1
7663,69,72,111,1
7664,69,73,108,1
7665,69,74,154,1
7666,69,75,170,1
7667,69,76,180,1
7668,69,77,112,1
7669,69,78,40,1
7670,69,79,17,1
7671,69,80,28,1
7672,69,81,58,1
7673,69,82,151,1
7674,69,83,132,1
7675,69,84,74,1
7676,69,85,135,1
7677,69,86,210,2
7678,69,87,195,2
7679,69,88,214,2
7680,69,89,246,2
7681,69,90,254,2
7682,69,91,184,2
7683,69,92,49,1
7684,69,93,7,1
7715,70,14,1,1
7716,70,15,1,1
7717,70,16,35,1
7718,70,17,153,2
7719,70,18,206,2
7720,70,19,200,2
7721,70,20,203,2
7722,70,21,206,2
7723,70,22,151,2
7724,70,23,192,2
7725,70,24,124,2
7726,70,25,85,1
7727,70,26,12,1
7728,70,27,14,1
7729,70,28,120,2
7730,70,29,162,2
7731,70,30,72,1
7732,70,31,56,1
7733,70,32,49,1
7734,70,33,29,1
7735,70,34,28,1
7736,70,35,17,1
7737,70,36,17,1
7738,70,37,22,1
7739,70,38,25,1
7740,70,39,18,1
7741,70,40,11,1
7742,70,41,10,1
7743,70,42,8,1
7744,70,43,22,1
7745,70,44,46,1
7746,70,45,63,1
7747,70,46,64,1
7748,70,47,66,1
7749,70,48,70,1
7750,70,49,65,1
7751,70,50,69,1
7752,70,51,73,1
7753,70,52,67,1
7754,70,53,65,1
7755,70,54,59,1
7756,70,55,64,1
7757,70,56,63,1
7758,70,57,81,1
7759,70,58,67,1
7760,70,59,34,1
7761,70,60,68,1
7762,70,61,177,1
7763,70,62,122,1
7764,70,63,104,1
7765,70,64,22,1
7766,70,65,41,1
7767,70,66,70,1
7768,70,67,57,1
7769,70,68,49,1
7770,70,69,49,1
7771,70,70,69,1
7772,70,71,74,1
7773,70,72,78,1
7774,70,73,74,1
7775,70,74,113,1
7776,70,75,122,1
7777,70,76,122,1
7778,70,77,31,1
7779,70,78,25,1
7780,70,79,29,1
7781,70,80,43,1
7782,70,81,143,1
7783,70,82,124,1
7784,70,83,71,1
7785,70,84,61,1
7786,70,85,136,1
7787,70,86,206,2
7788,70,87,208,2
7789,70,88,202,2
7790,70,89,248,2
7791,70,90,254,2
7792,70,91,198,2
7793,70,92,44,1
7794,70,93,4,1
7826,71,15,1,1
7827,71,16,4,1
7828,71,17,56,1
7829,71,18,186,2
7830,71,19,187,2
7831,71,20,179,2
7832,71,21,212,2
7833,71,22,212,2
7834,71,23,186,2
7835,71,24,160,2
7836,71,25,163,2
7837,71,26,42,1
7838,71,27,8,1
7839,71,28,116,2
7840,71,29,133,2
7841,71,30,74,1
7842,71,31,64,1
7843,71,32,38,1
7844,71,33,23,1
7845,71,34,17,1
7846,71,35,21,1
7847,71,36,12,1
7848,71,37,14,1
7849,71,38,7,1
7850,71,39,2,1
7851,71,40,3,1
7852,71,41,23,1
7853,71,42,42,1
7854,71,43,50,1
7855,71,44,55,1
7856,71,45,60,1
7857,71,46,67,1
7858,71,47,62,1
7859,71,48,69,1
7860,71,49,76,1
7861,71,50,60,1
7862,71,51,71,1
7863,71,52,63,1
7864,71,53,61,1
7865,71,54,57,1
7866,71,55,75,1
7867,71,56,65,1
7868,71,57,38,1
7869,71,58,6,1
7870,71,59,19,1
7871,71,60,40,1
7872,71,61,63,1
7873,71,62,93,1
7874,71,63,115,1
7875,71,64,112,1
7876,71,65,57,1
7877,71,66,25,1
7878,71,67,54,1
7879,71,68,70,1
7880,71,69,68,1
7881,71,70,68,1
7882,71,71,67,1
7883,71,72,67,1
7884,71,73,55,1
7885,71,74,63,1
7886,71,75,61,1
7887,71,76,45,1
7888,71,77,19,1
7889,71,78,23,1
7890,71,79,36,1
7891,71,80,112,1
7892,71,81,173,1
7893,71,82,95,1
7894,71,83,73,1
7895,71,84,54,1
7896,71,85,140,1
7897,71,86,205,2
7898,71,87,217,2
7899,71,88,218,2
7900,71,89,251,2
7901,71,90,250,2
7902,71,91,166,2
7903,71,92,24,1
7904,71,93,1,1
7936,72,15,1,1
7938,72,17,7,1
7939,72,18,121,2
7940,72,19,194,2
7941,72,20,190,2
7942,72,21,208,2
7943,72,22,212,2
7944,72,23,200,2
7945,72,24,170,2
7946,72,25,181,2
7947,72,26,107,2
7948,72,27,66,1
7949,72,28,148,2
7950,72,29,176,2
7951,72,30,84,1
7952,72,31,59,1
7953,72,32,20,1
7954,72,33,2,1
7956,72,35,1,1
7959,72,38,1,1
7960,72,39,11,1
7961,72,40,44,1
7962,72,41,48,1
7963,72,42,50,1
7964,72,43,58,1
7965,72,44,52,1
7966,72,45,59,1
7967,72,46,66,1
7968,72,47,62,1
7969,72,48,68,1
7970,72,49,66,1
7971,72,50,61,1
7972,72,51,66,1
7973,72,52,65,1
7974,72,53,63,1
7975,72,54,61,1
7976,72,55,65,1
7977,72,56,59,1
7978,72,57,8,1
7979,72,58,1,1
7981,72,60,27,1
7982,72,61,53,1
7983,72,62,57,1
7984,72,63,90,1
7985,72,64,95,1
7986,72,65,91,1
7987,72,66,69,1
7988,72,67,54,1
7989,72,68,40,1
7990,72,69,35,1
7991,72,70,51,1
7992,72,71,57,1
7993,72,72,70,1
7994,72,73,76,1
7995,72,74,63,1
7996,72,75,28,1
7997,72,76,25,1
7998,72,77,19,1
7999,72,78,28,1
8000,72,79,103,1
8001,72,80,190,1
8002,72,81,171,1
8003,72,82,71,1
8004,72,83,68,1
8005,72,84,49,1
8006,72,85,143,1
8007,72,86,200,2
8008,72,87,216,2
8009,72,88,243,2
8010,72,89,250,2
8011,72,90,221,2
8012,72,91,73,1
8013,72,92,12,1
8048,73,17,1,1
8049,73,18,34,1
8050,73,19,144,2
8051,73,20,173,2
8052,73,21,157,2
8053,73,22,212,2
8054,73,23,211,2
8055,73,24,166,2
8056,73,25,152,2
8057,73,26,139,2
8058,73,27,156,2
8059,73,28,187,2
8060,73,29,190,2
8061,73,30,102,2
8062,73,31,29,1
8063,73,32,9,1
8065,73,34,1,1
8067,73,36,1,1
8068,73,37,1,1
8069,73,38,12,1
8070,73,39,48,1
8071,73,40,49,1
8072,73,41,52,1
8073,73,42,60,1
8074,73,43,65,1
8075,73,44,56,1
8076,73,45,61,1
8077,73,46,66,1
8078,73,47,57,1
8079,73,48,71,1
8080,73,49,64,1
8081,73,50,58,1
8082,73,51,62,1
8083,73,52,67,1
8084,73,53,60,1
8085,73,54,62,1
8086,73,55,67,1
8087,73,56,66,1
8088,73,57,12,1
8091,73,60,25,1
8092,73,61,53,1
8093,73,62,59,1
8094,73,63,72,1
8095,73,64,81,1
8096,73,65,79,1
8097,73,66,63,1
8098,73,67,84,1
8099,73,68,91,1
8100,73,69,88,1
8101,73,70,61,1
8102,73,71,37,1
8103,73,72,22,1
8104,73,73,17,1
8105,73,74,5,1
8106,73,75,10,1
8107,73,76,28,1
8108,73,77,83,1
8109,73,78,144,1
8110,73,79,180,1
8111,73,80,172,1
8112,73,81,146,1
8113,73,82,86,1
8114,73,83,61,1
8115,73,84,17,1
8116,73,85,46,1
8117,73,86,186,2
8118,73,87,196,2
8119,73,88,247,2
8120,73,89,247,2
8121,73,90,182,2
8122,73,91,56,1
8123,73,92,4,1
8158,74,17,1,1
8159,74,18,2,1
8160,74,19,58,1
8161,74,20,176,2
8162,74,21,197,2
8163,74,22,172,2
8164,74,23,212,2
8165,74,24,193,2
8166,74,25,158,2
8167,74,26,143,2
8168,74,27,165,2
8169,74,28,206,2
8170,74,29,201,2
8171,74,30,125,2
8172,74,31,7,1
8173,74,32,4,1
8174,74,33,2,1
8175,74,34,39,1
8176,74,35,13,1
8177,74,36,1,1
8178,74,37,5,1
8179,74,38,39,1
8180,74,39,52,1
8181,74,40,52,1
8182,74,41,64,1
8183,74,42,63,1
8184,74,43,64,1
8185,74,44,61,1
8186,74,45,59,1
8187,74,46,57,1
8188,74,47,62,1
8189,74,48,63,1
8190,74,49,67,1
8191,74,50,72,1
8192,74,51,70,1
8193,74,52,69,1
8194,74,53,60,1
8195,74,54,55,1
8196,74,55,63,1
8197,74,56,70,1
8198,74,57,46,1
8199,74,58,23,1
8200,74,59,31,1
8201,74,60,43,1
8202,74,61,66,1
8203,74,62,58,1
8204,74,63,63,1
8205,74,64,72,1
8206,74,65,80,1
8207,74,66,72,1
8208,74,67,69,1
8209,74,68,80,1
8210,74,69,96,1
8211,74,70,78,1
8212,74,71,83,1
8213,74,72,100,1
8214,74,73,102,1
8215,74,74,46,1
8216,74,75,38,1
8217,74,76,61,1
8218,74,77,118,1
8219,74,78,148,1
8220,74,79,197,1
8221,74,80,168,1
8222,74,81,90,1
8223,74,82,91,1
8224,74,83,54,1
8225,74,84,4,1
8226,74,85,10,1
8227,74,86,190,2
8228,74,87,203,2
8229,74,88,241,2
8230,74,89,233,2
8231,74,90,115,1
8232,74,91,20,1
8233,74,92,1,1
8268,75,17,1,1
8269,75,18,2,1
8270,75,19,4,1
8271,75,20,75,1
8272,75,21,188,2
8273,75,22,170,2
8274,75,23,175,2
8275,75,24,170,2
8276,75,25,177,2
8277,75,26,177,2
8278,75,27,156,2
8279,75,28,201,2
8280,75,29,194,2
8281,75,30,118,2
8282,75,31,2,1
8283,75,32,7,1
8284,75,33,29,1
8285,75,34,94,1
8286,75,35,37,1
8287,75,36,36,1
8288,75,37,10,1
8289,75,38,56,1
8290,75,39,54,1
8291,75,40,55,1
8292,75,41,51,1
8293,75,42,61,1
8294,75,43,63,1
8295,75,44,61,1
8296,75,45,71,1
8297,75,46,54,1
8298,75,47,61,1
8299,75,48,66,1
8300,75,49,64,1
8301,75,50,70,1
8302,75,51,61,1
8303,75,52,48,1
8304,75,53,62,1
8305,75,54,57,1
8306,75,55,47,1
8307,75,56,29,1
8308,75,57,65,1
8309,75,58,92,1
8310,75,59,70,1
8311,75,60,79,1
8312,75,61,75,1
8313,75,62,63,1
8314,75,63,69,1
8315,75,64,66,1
8316,75,65,69,1
8317,75,66,70,1
8318,75,67,73,1
8319,75,68,77,1
8320,75,69,78,1
8321,75,70,76,1
8322,75,71,66,1
8323,75,72,72,1
8324,75,73,88,1
8325,75,74,104,1
8326,75,75,69,1
8327,75,76,73,1
8328,75,77,63,1
8329,75,78,66,1
8330,75,79,131,1
8331,75,80,166,1
8332,75,81,80,1
8333,75,82,82,1
8334,75,83,32,1
8336,75,85,17,1
8337,75,86,197,2
8338,75,87,211,2
8339,75,88,245,2
8340,75,89,175,2
8341,75,90,45,1
8342,75,91,6,1
8379,76,18,1,1
8380,76,19,2,1
8381,76,20,12,1
8382,76,21,98,2
8383,76,22,181,2
8384,76,23,198,2
8385,76,24,202,2
8386,76,25,151,2
8387,76,26,194,2
8388,76,27,159,2
8389,76,28,179,2
8390,76,29,161,2
8391,76,30,153,2
8392,76,31,23,1
8393,76,32,9,1
8394,76,33,72,1
8395,76,34,90,1
8396,76,35,86,1
8397,76,36,131,2
8398,76,37,69,1
8399,76,38,60,1
8400,76,39,53,1
8401,76,40,56,1
8402,76,41,56,1
8403,76,42,63,1
8404,76,43,58,1
8405,76,44,66,1
8406,76,45,63,1
8407,76,46,57,1
8408,76,47,61,1
8409,76,48,56,1
8410,76,49,58,1
8411,76,50,68,1
8412,76,51,62,1
8413,76,52,60,1
8414,76,53,62,1
8415,76,54,64,1
8416,76,55,56,1
8417,76,56,42,1
8418,76,57,44,1
8419,76,58,36,1
8420,76,59,36,1
8421,76,60,81,1
8422,76,61,62,1
8423,76,62,53,1
8424,76,63,70,1
8425,76,64,70,1
8426,76,65,70,1
8427,76,66,73,1
8428,76,67,73,1
8429,76,68,80,1
8430,76,69,81,1
8431,76,70,72,1
8432,76,71,76,1
8433,76,72,71,1
8434,76,73,76,1
8435,76,74,83,1
8436,76,75,76,1
8437,76,76,70,1
8438,76,77,65,1
8439,76,78,71,1
8440,76,79,94,1
8441,76,80,135,1
8442,76,81,77,1
8443,76,82,70,1
8444,76,83,27,1
8446,76,85,54,1
8447,76,86,195,2
8448,76,87,219,2
8449,76,88,215,2
8450,76,89,78,1
8451,76,90,14,1
8452,76,91,1,1
8491,77,20,1,1
8492,77,21,22,1
8493,77,22,112,2
8494,77,23,188,2
8495,77,24,201,2
8496,77,25,204,2
8497,77,26,183,2
8498,77,27,174,2
8499,77,28,194,2
8500,77,29,175,2
8501,77,30,196,2
8502,77,31,119,2
8503,77,32,19,1
8504,77,33,111,2
8505,77,34,160,2
8506,77,35,149,2
8507,77,36,163,2
8508,77,37,66,1
8509,77,38,65,1
8510,77,39,61,1
8511,77,40,60,1
8512,77,41,59,1
8513,77,42,58,1
8514,77,43,61,1
8515,77,44,67,1
8516,77,45,63,1
8517,77,46,60,1
8518,77,47,66,1
8519,77,48,53,1
8520,77,49,60,1
8521,77,50,60,1
8522,77,51,109,1
8523,77,52,78,1
8524,77,53,67,1
8525,77,54,61,1
8526,77,55,54,1
8527,77,56,30,1
8528,77,57,79,1
8529,77,58,56,1
8530,77,59,76,1
8531,77,60,79,1
8532,77,61,59,1
8533,77,62,55,1
8534,77,63,68,1
8535,77,64,64,1
8536,77,65,71,1
8537,77,66,71,1
8538,77,67,73,1
8539,77,68,77,1
8540,77,69,81,1
8541,77,70,76,1
8542,77,71,80,1
8543,77,72,75,1
8544,77,73,72,1
8545,77,74,67,1
8546,77,75,70,1
8547,77,76,74,1
8548,77,77,70,1
8549,77,78,75,1
8550,77,79,79,1
8551,77,80,120,1
8552,77,81,63,1
8553,77,82,56,1
8554,77,83,9,1
8555,77,84,23,1
8556,77,85,170,2
8557,77,86,176,2
8558,77,87,222,2
8559,77,88,113,1
8560,77,89,23,1
8561,77,90,1,1
8600,78,19,1,1
8601,78,20,1,1
8602,78,21,1,1
8603,78,22,28,1
8604,78,23,145,2
8605,78,24,193,2
8606,78,25,199,2
8607,78,26,156,2
8608,78,27,173,2
8609,78,28,175,2
8610,78,29,188,2
8611,78,30,206,2
8612,78,31,193,2
8613,78,32,128,2
8614,78,33,130,2
8615,78,34,188,2
8616,78,35,178,2
8617,78,36,178,2
8618,78,37,93,1
8619,78,38,63,1
8620,78,39,63,1
8621,78,40,58,1
8622,78,41,59,1
8623,78,42,59,1
8624,78,43,54,1
8625,78,44,60,1
8626,78,45,59,1
8627,78,46,67,1
8628,78,47,61,1
8629,78,48,59,1
8630,78,49,63,1
8631,78,50,63,1
8632,78,51,73,1
8633,78,52,74,1
8634,78,53,74,1
8635,78,54,82,1
8636,78,55,85,1
8637,78,56,114,1
8638,78,57,86,1
8639,78,58,59,1
8640,78,59,96,1
8641,78,60,162,2
8642,78,61,80,1
8643,78,62,75,1
8644,78,63,68,1
8645,78,64,65,1
8646,78,65,65,1
8647,78,66,71,1
8648,78,67,71,1
8649,78,68,72,1
8650,78,69,74,1
8651,78,70,72,1
8652,78,71,70,1
8653,78,72,69,1
8654,78,73,67,1
8655,78,74,73,1
8656,78,75,73,1
8657,78,76,71,1
8658,78,77,71,1
8659,78,78,75,1
8660,78,79,79,1
8661,78,80,118,1
8662,78,81,48,1
8663,78,82,29,1
8664,78,83,22,1
8665,78,84,149,2
8666,78,85,187,2
8667,78,86,203,2
8668,78,87,122,1
8669,78,88,26,1
8670,78,89,2,1
8712,79,21,1,1
8713,79,22,1,1
8714,79,23,46,1
8715,79,24,154,2
8716,79,25,169,2
8717,79,26,183,2
8718,79,27,150,2
8719,79,28,156,2
8720,79,29,187,2
8721,79,30,191,2
8722,79,31,179,2
8723,79,32,164,2
8724,79,33,104,2
8725,79,34,154,2
8726,79,35,194,2
8727,79,36,186,2
8728,79,37,131,2
8729,79,38,63,1
8730,79,39,64,1
8731,79,40,59,1
8732,79,41,58,1
8733,79,42,55,1
8734,79,43,58,1
8735,79,44,57,1
8736,79,45,59,1
8737,79,46,65,1
8738,79,47,63,1
8739,79,48,58,1
8740,79,49,62,1
8741,79,50,57,1
8742,79,51,62,1
8743,79,52,68,1
8744,79,53,66,1
8745,79,54,61,1
8746,79,55,63,1
8747,79,56,66,1
8748,79,57,57,1
8749,79,58,59,1
8750,79,59,77,1
8751,79,60,170,2
8752,79,61,103,1
8753,79,62,72,1
8754,79,63,71,1
8755,79,64,66,1
8756,79,65,63,1
8757,79,66,66,1
8758,79,67,72,1
8759,79,68,69,1
8760,79,69,72,1
8761,79,70,70,1
8762,79,71,66,1
8763,79,72,68,1
8764,79,73,71,1
8765,79,74,71,1
8766,79,75,66,1
8767,79,76,71,1
8768,79,77,73,1
8769,79,78,76,1
8770,79,79,82,1
8771,79,80,112,1
8772,79,81,18,1
8773,79,82,35,1
8774,79,83,148,2
8775,79,84,204,2
8776,79,85,194,2
8777,79,86,152,2
8778,79,87,35,1
8779,79,88,3,1
8824,80,23,1,1
8825,80,24,40,1
8826,80,25,100,2
8827,80,26,150,2
8828,80,27,186,2
8829,80,28,129,2
8830,80,29,178,2
8831,80,30,203,2
8832,80,31,117,2
8833,80,32,45,1
8834,80,33,121,2
8835,80,34,179,2
8836,80,35,184,2
8837,80,36,190,2
8838,80,37,147,2
8839,80,38,71,1
8840,80,39,66,1
8841,80,40,60,1
8842,80,41,56,1
8843,80,42,58,1
8844,80,43,59,1
8845,80,44,59,1
8846,80,45,59,1
8847,80,46,61,1
8848,80,47,57,1
8849,80,48,56,1
8850,80,49,61,1
8851,80,50,57,1
8852,80,51,64,1
8853,80,52,73,1
8854,80,53,61,1
8855,80,54,62,1
8856,80,55,61,1
8857,80,56,67,1
8858,80,57,59,1
8859,80,58,65,1
8860,80,59,97,1
8861,80,60,149,2
8862,80,61,87,1
8863,80,62,67,1
8864,80,63,68,1
8865,80,64,70,1
8866,80,65,65,1
8867,80,66,69,1
8868,80,67,68,1
8869,80,68,68,1
8870,80,69,69,1
8871,80,70,69,1
8872,80,71,71,1
8873,80,72,73,1
8874,80,73,72,1
8875,80,74,70,1
8876,80,75,70,1
8877,80,76,71,1
8878,80,77,71,1
8879,80,78,69,1
8880,80,79,79,1
8881,80,80,117,1
8882,80,81,52,1
8883,80,82,151,2
8884,80,83,195,2
8885,80,84,188,2
8886,80,85,152,2
8887,80,86,37,1
8888,80,87,6,1
8934,81,23,1,1
8935,81,24,2,1
8936,81,25,50,1
8937,81,26,143,2
8938,81,27,192,2
8939,81,28,156,2
8940,81,29,155,2
8941,81,30,147,2
8942,81,31,15,1
8943,81,32,1,1
8944,81,33,32,1
8945,81,34,170,2
8946,81,35,181,2
8947,81,36,184,2
8948,81,37,159,2
8949,81,38,67,1
8950,81,39,67,1
8951,81,40,65,1
8952,81,41,60,1
8953,81,42,59,1
8954,81,43,59,1
8955,81,44,60,1
8956,81,45,58,1
8957,81,46,54,1
8958,81,47,50,1
8959,81,48,54,1
8960,81,49,63,1
8961,81,50,63,1
8962,81,51,84,1
8963,81,52,60,1
8964,81,53,58,1
8965,81,54,62,1
8966,81,55,59,1
8967,81,56,63,1
8968,81,57,59,1
8969,81,58,58,1
8970,81,59,101,1
8971,81,60,99,1
8972,81,61,62,1
8973,81,62,70,1
8974,81,63,67,1
8975,81,64,70,1
8976,81,65,64,1
8977,81,66,67,1
8978,81,67,68,1
8979,81,68,69,1
8980,81,69,68,1
8981,81,70,64,1
8982,81,71,72,1
8983,81,72,66,1
8984,81,73,71,1
8985,81,74,71,1
8986,81,75,70,1
8987,81,76,68,1
8988,81,77,65,1
8989,81,78,63,1
8990,81,79,116,1
8991,81,80,187,2
8992,81,81,137,2
8993,81,82,185,2
8994,81,83,176,2
8995,81,84,123,1
8996,81,85,27,1
8997,81,86,3,1
9046,82,25,6,1
9047,82,26,50,1
9048,82,27,153,2
9049,82,28,201,2
9050,82,29,114,2
9051,82,30,88,2
9052,82,31,9,1
9053,82,32,1,1
9054,82,33,21,1
9055,82,34,156,2
9056,82,35,188,2
9057,82,36,184,2
9058,82,37,185,2
9059,82,38,124,2
9060,82,39,68,1
9061,82,40,47,1
9062,82,41,58,1
9063,82,42,56,1
9064,82,43,59,1
9065,82,44,57,1
9066,82,45,53,1
9067,82,46,56,1
9068,82,47,58,1
9069,82,48,61,1
9070,82,49,63,1
9071,82,50,64,1
9072,82,51,64,1
9073,82,52,61,1
9074,82,53,60,1
9075,82,54,61,1
9076,82,55,65,1
9077,82,56,63,1
9078,82,57,63,1
9079,82,58,63,1
9080,82,59,84,1
9081,82,60,79,1
9082,82,61,66,1
9083,82,62,71,1
9084,82,63,63,1
9085,82,64,80,1
9086,82,65,69,1
9087,82,66,68,1
9088,82,67,69,1
9089,82,68,69,1
9090,82,69,68,1
9091,82,70,69,1
9092,82,71,71,1
9093,82,72,68,1
9094,82,73,72,1
9095,82,74,69,1
9096,82,75,67,1
9097,82,76,69,1
9098,82,77,66,1
9099,82,78,69,1
9100,82,79,122,1
9101,82,80,163,2
9102,82,81,146,2
9103,82,82,182,2
9104,82,83,87,1
9105,82,84,24,1
9106,82,85,3,1
9156,83,25,1,1
9157,83,26,4,1
9158,83,27,45,1
9159,83,28,142,2
9160,83,29,160,2
9161,83,30,100,2
9162,83,31,24,1
9163,83,32,13,1
9164,83,33,73,2
9165,83,34,168,2
9166,83,35,183,2
9167,83,36,192,2
9168,83,37,190,2
9169,83,38,202,2
9170,83,39,131,2
9171,83,40,60,1
9172,83,41,62,1
9173,83,42,59,1
9174,83,43,56,1
9175,83,44,62,1
9176,83,45,59,1
9177,83,46,60,1
9178,83,47,59,1
9179,83,48,57,1
9180,83,49,59,1
9181,83,50,60,1
9182,83,51,58,1
9183,83,52,62,1
9184,83,53,63,1
9185,83,54,67,1
9186,83,55,66,1
9187,83,56,62,1
9188,83,57,64,1
9189,83,58,66,1
9190,83,59,80,1
9191,83,60,68,1
9192,83,61,66,1
9193,83,62,69,1
9194,83,63,70,1
9195,83,64,76,1
9196,83,65,65,1
9197,83,66,68,1
9198,83,67,68,1
9199,83,68,67,1
9200,83,69,66,1
9201,83,70,68,1
9202,83,71,67,1
9203,83,72,70,1
9204,83,73,68,1
9205,83,74,68,1
9206,83,75,63,1
9207,83,76,57,1
9208,83,77,71,1
9209,83,78,139,2
9210,83,79,150,2
9211,83,80,162,2
9212,83,81,148,2
9213,83,82,85,1
9214,83,83,20,1
9215,83,84,1,1
9268,84,27,3,1
9269,84,28,24,1
9270,84,29,98,2
9271,84,30,112,2
9272,84,31,72,2
9273,84,32,81,2
9274,84,33,168,2
9275,84,34,184,2
9276,84,35,173,2
9277,84,36,197,2
9278,84,37,173,2
9279,84,38,193,2
9280,84,39,142,2
9281,84,40,68,1
9282,84,41,61,1
9283,84,42,57,1
9284,84,43,57,1
9285,84,44,57,1
9286,84,45,59,1
9287,84,46,60,1
9288,84,47,59,1
9289,84,48,57,1
9290,84,49,55,1
9291,84,50,60,1
9292,84,51,64,1
9293,84,52,60,1
9294,84,53,66,1
9295,84,54,63,1
9296,84,55,74,1
9297,84,56,67,1
9298,84,57,65,1
9299,84,58,64,1
9300,84,59,93,1
9301,84,60,66,1
9302,84,61,68,1
9303,84,62,66,1
9304,84,63,65,1
9305,84,64,70,1
9306,84,65,70,1
9307,84,66,65,1
9308,84,67,66,1
9309,84,68,68,1
9310,84,69,63,1
9311,84,70,64,1
9312,84,71,66,1
9313,84,72,66,1
9314,84,73,70,1
9315,84,74,69,1
9316,84,75,63,1
9317,84,76,53,1
9318,84,77,85,1
9319,84,78,110,1
9320,84,79,166,2
9321,84,80,173,2
9322,84,81,55,1
9323,84,82,9,1
9379,85,28,1,1
9380,85,29,11,1
9381,85,30,55,1
9382,85,31,55,1
9383,85,32,113,2
9384,85,33,184,2
9385,85,34,192,2
9386,85,35,180,2
9387,85,36,202,2
9388,85,37,185,2
9389,85,38,188,2
9390,85,39,152,2
9391,85,40,69,1
9392,85,41,70,1
9393,85,42,60,1
9394,85,43,60,1
9395,85,44,57,1
9396,85,45,60,1
9397,85,46,60,1
9398,85,47,60,1
9399,85,48,60,1
9400,85,49,57,1
9401,85,50,60,1
9402,85,51,65,1
9403,85,52,67,1
9404,85,53,63,1
9405,85,54,67,1
9406,85,55,66,1
9407,85,56,64,1
9408,85,57,67,1
9409,85,58,63,1
9410,85,59,104,1
9411,85,60,67,1
9412,85,61,69,1
9413,85,62,69,1
9414,85,63,66,1
9415,85,64,65,1
9416,85,65,67,1
9417,85,66,66,1
9418,85,67,65,1
9419,85,68,64,1
9420,85,69,60,1
9421,85,70,64,1
9422,85,71,65,1
9423,85,72,68,1
9424,85,73,64,1
9425,85,74,63,1
9426,85,75,50,1
9427,85,76,57,1
9428,85,77,112,1
9429,85,78,170,2
9430,85,79,136,2
9431,85,80,50,1
9432,85,81,5,1
9489,86,28,1,1
9491,86,30,4,1
9492,86,31,21,1
9493,86,32,32,1
9494,86,33,157,2
9495,86,34,184,2
9496,86,35,183,2
9497,86,36,178,2
9498,86,37,211,2
9499,86,38,196,2
9500,86,39,171,2
9501,86,40,82,1
9502,86,41,69,1
9503,86,42,65,1
9504,86,43,59,1
9505,86,44,59,1
9506,86,45,58,1
9507,86,46,59,1
9508,86,47,59,1
9509,86,48,58,1
9510,86,49,63,1
9511,86,50,59,1
9512,86,51,63,1
9513,86,52,59,1
9514,86,53,68,1
9515,86,54,66,1
9516,86,55,70,1
9517,86,56,65,1
9518,86,57,67,1
9519,86,58,73,1
9520,86,59,121,1
9521,86,60,71,1
9522,86,61,73,1
9523,86,62,70,1
9524,86,63,69,1
9525,86,64,65,1
9526,86,65,66,1
9527,86,66,64,1
9528,86,67,61,1
9529,86,68,64,1
9530,86,69,65,1
9531,86,70,68,1
9532,86,71,63,1
9533,86,72,62,1
9534,86,73,60,1
9535,86,74,81,1
9536,86,75,89,1
9537,86,76,169,2
9538,86,77,180,2
9539,86,78,109,1
9540,86,79,31,1
9541,86,80,2,1
9601,87,30,1,1
9602,87,31,1,1
9603,87,32,7,1
9604,87,33,45,1
9605,87,34,138,2
9606,87,35,189,2
9607,87,36,185,2
9608,87,37,197,2
9609,87,38,211,2
9610,87,39,206,2
9611,87,40,150,2
9612,87,41,80,1
9613,87,42,70,1
9614,87,43,65,1
9615,87,44,65,1
9616,87,45,62,1
9617,87,46,59,1
9618,87,47,59,1
9619,87,48,61,1
9620,87,49,64,1
9621,87,50,65,1
9622,87,51,65,1
9623,87,52,65,1
9624,87,53,63,1
9625,87,54,62,1
9626,87,55,66,1
9627,87,56,62,1
9628,87,57,66,1
9629,87,58,112,1
9630,87,59,130,1
9631,87,60,71,1
9632,87,61,72,1
9633,87,62,69,1
9634,87,63,67,1
9635,87,64,66,1
9636,87,65,68,1
9637,87,66,65,1
9638,87,67,62,1
9639,87,68,67,1
9640,87,69,63,1
9641,87,70,61,1
9642,87,71,66,1
9643,87,72,79,1
9644,87,73,105,1
9645,87,74,143,1
9646,87,75,187,2
9647,87,76,107,1
9648,87,77,52,1
9649,87,78,8,1
9714,88,33,4,1
9715,88,34,18,1
9716,88,35,66,1
9717,88,36,118,2
9718,88,37,156,2
9719,88,38,185,2
9720,88,39,196,2
9721,88,40,205,2
9722,88,41,164,2
9723,88,42,87,1
9724,88,43,73,1
9725,88,44,63,1
9726,88,45,65,1
9727,88,46,63,1
9728,88,47,64,1
9729,88,48,74,1
9730,88,49,62,1
9731,88,50,63,1
9732,88,51,61,1
9733,88,52,65,1
9734,88,53,69,1
9735,88,54,64,1
9736,88,55,60,1
9737,88,56,64,1
9738,88,57,66,1
9739,88,58,120,1
9740,88,59,114,1
9741,88,60,94,1
9742,88,61,67,1
9743,88,62,65,1
9744,88,63,62,1
9745,88,64,62,1
9746,88,65,64,1
9747,88,66,65,1
9748,88,67,63,1
9749,88,68,63,1
9750,88,69,76,1
9751,88,70,96,1
9752,88,71,132,1
9753,88,72,166,2
9754,88,73,189,2
9755,88,74,180,2
9756,88,75,92,1
9757,88,76,27,1
9758,88,77,4,1
9825,89,34,1,1
9826,89,35,5,1
9827,89,36,49,1
9828,89,37,110,2
9829,89,38,143,2
9830,89,39,163,2
9831,89,40,178,2
9832,89,41,181,2
9833,89,42,155,2
9834,89,43,146,2
9835,89,44,97,1
9836,89,45,72,1
9837,89,46,68,1
9838,89,47,65,1
9839,89,48,64,1
9840,89,49,67,1
9841,89,50,66,1
9842,89,51,64,1
9843,89,52,65,1
9844,89,53,64,1
9845,89,54,61,1
9846,89,55,60,1
9847,89,56,61,1
9848,89,57,118,1
9849,89,58,127,1
9850,89,59,154,2
9851,89,60,148,2
9852,89,61,122,1
9853,89,62,108,1
9854,89,63,99,1
9855,89,64,99,1
9856,89,65,99,1
9857,89,66,90,1
9858,89,67,93,1
9859,89,68,131,1
9860,89,69,178,2
9861,89,70,197,2
9862,89,71,184,2
9863,89,72,180,2
9864,89,73,140,1
9865,89,74,49,1
9866,89,75,12,1
9867,89,76,1,1
9936,90,35,1,1
9937,90,36,4,1
9938,90,37,19,1
9939,90,38,69,1
9940,90,39,134,2
9941,90,40,174,2
9942,90,41,164,2
9943,90,42,162,2
9944,90,43,183,2
9945,90,44,179,2
9946,90,45,158,2
9947,90,46,135,2
9948,90,47,120,2
9949,90,48,105,1
9950,90,49,95,1
9951,90,50,94,1
9952,90,51,96,1
9953,90,52,98,1
9954,90,53,95,1
9955,90,54,95,1
9956,90,55,99,1
9957,90,56,136,1
9958,90,57,170,2
9959,90,58,177,2
9960,90,59,187,2
9961,90,60,188,2
9962,90,61,184,2
9963,90,62,172,2
9964,90,63,166,2
9965,90,64,158,2
9966,90,65,159,2
9967,90,66,182,2
9968,90,67,199,2
9969,90,68,205,2
9970,90,69,200,2
9971,90,70,178,2
9972,90,71,118,1
9973,90,72,52,1
9974,90,73,20,1
9975,90,74,3,1
10049,91,38,1,1
10050,91,39,13,1
10051,91,40,52,1
10052,91,41,114,2
10053,91,42,156,2
10054,91,43,198,2
10055,91,44,192,2
10056,91,45,174,2
10057,91,46,166,2
10058,91,47,167,2
10059,91,48,162,2
10060,91,49,173,2
10061,91,50,178,2
10062,91,51,189,2
10063,91,52,191,2
10064,91,53,192,2
10065,91,54,144,1
10066,91,55,86,1
10067,91,56,103,1
10068,91,57,135,1
10069,91,58,117,1
10070,91,59,162,2
10071,91,60,154,2
10072,91,61,159,2
10073,91,62,174,2
10074,91,63,184,2
10075,91,64,190,2
10076,91,65,194,2
10077,91,66,187,2
10078,91,67,174,2
10079,91,68,161,2
10080,91,69,110,1
10081,91,70,49,1
10082,91,71,24,1
10083,91,72,5,1
10161,92,40,1,1
10162,92,41,15,1
10163,92,42,31,1
10164,92,43,67,1
10165,92,44,123,2
10166,92,45,153,2
10167,92,46,183,2
10168,92,47,215,2
10169,92,48,220,2
10170,92,49,212,2
10171,92,50,200,2
10172,92,51,192,2
10173,92,52,197,2
10174,92,53,204,2
10175,92,54,175,2
10176,92,55,172,2
10177,92,56,186,2
10178,92,57,186,2
10179,92,58,194,2
10180,92,59,190,2
10181,92,60,198,2
10182,92,61,194,2
10183,92,62,200,2
10184,92,63,201,2
10185,92,64,193,2
10186,92,65,160,2
10187,92,66,109,1
10188,92,67,57,1
10189,92,68,26,1
10190,92,69,15,1
10191,92,70,2,1
10274,93,43,6,1
10275,93,44,21,1
10276,93,45,31,1
10277,93,46,47,1
10278,93,47,64,1
10279,93,48,93,1
10280,93,49,137,2
10281,93,50,160,2
10282,93,51,184,2
10283,93,52,192,2
10284,93,53,178,2
10285,93,54,142,1
10286,93,55,197,2
10287,93,56,200,2
10288,93,57,192,2
10289,93,58,189,2
10290,93,59,174,2
10291,93,60,163,2
10292,93,61,134,1
10293,93,62,94,1
10294,93,63,77,1
10295,93,64,47,1
10296,93,65,23,1
10297,93,66,17,1
10298,93,67,5,1
10387,94,46,1,1
10388,94,47,6,1
10389,94,48,12,1
10390,94,49,21,1
10391,94,50,23,1
10392,94,51,24,1
10393,94,52,36,1
10394,94,53,44,1
10395,94,54,37,1
10396,94,55,39,1
10397,94,56,46,1
10398,94,57,38,1
10399,94,58,34,1
10400,94,59,23,1
10401,94,60,24,1
10402,94,61,20,1
10403,94,62,13,1
10404,94,63,8,1
10405,94,64,1,1
10505,95,54,1,1
10506,95,55,1,1
10507,95,56,1,1
10508,95,57,1,1
