Index,X-coordinate,Y-coordinate,Intensity
933,8,52,2
934,8,53,8
935,8,54,12
936,8,55,15
937,8,56,19
938,8,57,18
939,8,58,25
940,8,59,22
941,8,60,28
942,8,61,25
943,8,62,18
944,8,63,11
945,8,64,2
1040,9,49,2
1041,9,50,11
1042,9,51,18
1043,9,52,18
1044,9,53,26
1045,9,54,31
1046,9,55,35
1047,9,56,39
1048,9,57,35
1049,9,58,48
1050,9,59,25
1051,9,60,39
1052,9,61,16
1053,9,62,34
1054,9,63,29
1055,9,64,31
1056,9,65,34
1057,9,66,22
1058,9,67,9
1148,10,47,6
1149,10,48,19
1150,10,49,17
1151,10,50,23
1152,10,51,56
1153,10,52,54
1154,10,53,97
1155,10,54,74
1156,10,55,149
1157,10,56,129
1158,10,57,173
1159,10,58,174
1160,10,59,164
1161,10,60,141
1162,10,61,129
1163,10,62,136
1164,10,63,59
1165,10,64,71
1166,10,65,48
1167,10,66,33
1168,10,67,41
1169,10,68,28
1170,10,69,13
1171,10,70,1
1256,11,45,2
1257,11,46,13
1258,11,47,16
1259,11,48,31
1260,11,49,55
1261,11,50,112
1262,11,51,144
1263,11,52,118
1264,11,53,151
1265,11,54,120
1266,11,55,110
1267,11,56,66
1268,11,57,74
1269,11,58,95
1270,11,59,103
1271,11,60,136
1272,11,61,175
1273,11,62,157
1274,11,63,120
1275,11,64,144
1276,11,65,135
1277,11,66,114
1278,11,67,73
1279,11,68,40
1280,11,69,48
1281,11,70,34
1282,11,71,12
1365,12,44,3
1366,12,45,10
1367,12,46,28
1368,12,47,71
1369,12,48,136
1370,12,49,129
1371,12,50,160
1372,12,51,93
1373,12,52,53
1374,12,53,26
1375,12,54,15
1376,12,55,12
1377,12,56,12
1378,12,57,17
1379,12,58,36
1380,12,59,50
1381,12,60,54
1382,12,61,41
1383,12,62,85
1384,12,63,94
1385,12,64,62
1386,12,65,108
1387,12,66,126
1388,12,67,162
1389,12,68,116
1390,12,69,85
1391,12,70,53
1392,12,71,45
1393,12,72,31
1394,12,73,5
1474,13,43,6
1475,13,44,7
1476,13,45,50
1477,13,46,109
1478,13,47,183
1479,13,48,134
1480,13,49,74
1481,13,50,44
1482,13,51,23
1483,13,52,9
1484,13,53,2
1485,13,54,1
1487,13,56,1
1488,13,57,1
1489,13,58,1
1490,13,59,1
1491,13,60,2
1492,13,61,9
1493,13,62,39
1494,13,63,58
1495,13,64,47
1496,13,65,55
1497,13,66,71
1498,13,67,124
1499,13,68,153
1500,13,69,204
1501,13,70,140
1502,13,71,93
1503,13,72,59
1504,13,73,45
1505,13,74,12
1583,14,42,2
1584,14,43,7
1585,14,44,60
1586,14,45,133
1587,14,46,144
1588,14,47,78
1589,14,48,42
1590,14,49,31
1591,14,50,22
1592,14,51,15
1593,14,52,15
1594,14,53,27
1595,14,54,24
1596,14,55,19
1597,14,56,15
1598,14,57,12
1599,14,58,14
1600,14,59,11
1601,14,60,8
1602,14,61,3
1603,14,62,1
1604,14,63,20
1605,14,64,36
1606,14,65,43
1607,14,66,39
1608,14,67,35
1609,14,68,68
1610,14,69,116
1611,14,70,151
1612,14,71,136
1613,14,72,121
1614,14,73,51
1615,14,74,45
1616,14,75,16
1617,14,76,1
1692,15,41,3
1693,15,42,20
1694,15,43,77
1695,15,44,177
1696,15,45,115
1697,15,46,63
1698,15,47,34
1699,15,48,43
1700,15,49,93
1701,15,50,121
1702,15,51,150
1703,15,52,133
1704,15,53,126
1705,15,54,112
1706,15,55,108
1707,15,56,99
1708,15,57,79
1709,15,58,73
1710,15,59,81
1711,15,60,70
1712,15,61,33
1713,15,62,20
1714,15,63,9
1715,15,64,3
1716,15,65,1
1717,15,66,10
1718,15,67,13
1719,15,68,6
1720,15,69,22
1721,15,70,55
1722,15,71,109
1723,15,72,162
1724,15,73,117
1725,15,74,61
1726,15,75,50
1727,15,76,16
1728,15,77,1
1801,16,40,2
1802,16,41,16
1803,16,42,54
1804,16,43,190
1805,16,44,170
1806,16,45,119
1807,16,46,38
1808,16,47,28
1809,16,48,112
1810,16,49,169
1811,16,50,178
1812,16,51,171
1813,16,52,145
1814,16,53,145
1815,16,54,169
1816,16,55,148
1817,16,56,140
1818,16,57,137
1819,16,58,112
1820,16,59,121
1821,16,60,127
1822,16,61,102
1823,16,62,87
1824,16,63,70
1825,16,64,41
1826,16,65,12
1827,16,66,2
1828,16,67,1
1829,16,68,1
1830,16,69,2
1831,16,70,3
1832,16,71,15
1833,16,72,69
1834,16,73,155
1835,16,74,125
1836,16,75,52
1837,16,76,44
1838,16,77,11
1910,17,39,2
1911,17,40,13
1912,17,41,50
1913,17,42,144
1914,17,43,156
1915,17,44,146
1916,17,45,65
1917,17,46,40
1918,17,47,54
1919,17,48,85
1920,17,49,174
1921,17,50,174
1922,17,51,192
1923,17,52,177
1924,17,53,188
1925,17,54,174
1926,17,55,173
1927,17,56,175
1928,17,57,172
1929,17,58,161
1930,17,59,167
1931,17,60,131
1932,17,61,135
1933,17,62,131
1934,17,63,105
1935,17,64,102
1936,17,65,84
1937,17,66,66
1938,17,67,27
1939,17,68,2
1941,17,70,2
1942,17,71,2
1943,17,72,6
1944,17,73,61
1945,17,74,119
1946,17,75,109
1947,17,76,42
1948,17,77,35
1949,17,78,9
2020,18,39,11
2021,18,40,25
2022,18,41,106
2023,18,42,163
2024,18,43,170
2025,18,44,102
2026,18,45,33
2027,18,46,70
2028,18,47,115
2029,18,48,126
2030,18,49,166
2031,18,50,197
2032,18,51,198
2033,18,52,196
2034,18,53,180
2035,18,54,169
2036,18,55,177
2037,18,56,181
2038,18,57,188
2039,18,58,195
2040,18,59,163
2041,18,60,153
2042,18,61,165
2043,18,62,168
2044,18,63,154
2045,18,64,152
2046,18,65,177
2047,18,66,144
2048,18,67,140
2049,18,68,90
2050,18,69,40
2051,18,70,14
2052,18,71,7
2053,18,72,2
2054,18,73,7
2055,18,74,66
2056,18,75,108
2057,18,76,101
2058,18,77,39
2059,18,78,29
2060,18,79,5
2129,19,38,3
2130,19,39,20
2131,19,40,68
2132,19,41,186
2133,19,42,152
2134,19,43,140
2135,19,44,67
2136,19,45,53
2137,19,46,101
2138,19,47,139
2139,19,48,139
2140,19,49,147
2141,19,50,191
2142,19,51,200
2143,19,52,181
2144,19,53,177
2145,19,54,172
2146,19,55,183
2147,19,56,184
2148,19,57,180
2149,19,58,189
2150,19,59,168
2151,19,60,174
2152,19,61,158
2153,19,62,166
2154,19,63,167
2155,19,64,153
2156,19,65,164
2157,19,66,168
2158,19,67,156
2159,19,68,183
2160,19,69,158
2161,19,70,111
2162,19,71,47
2163,19,72,25
2164,19,73,12
2165,19,74,39
2166,19,75,70
2167,19,76,174
2168,19,77,74
2169,19,78,35
2170,19,79,38
2171,19,80,2
2239,20,38,9
2240,20,39,29
2241,20,40,156
2242,20,41,177
2243,20,42,136
2244,20,43,74
2245,20,44,13
2246,20,45,115
2247,20,46,122
2248,20,47,164
2249,20,48,154
2250,20,49,153
2251,20,50,176
2252,20,51,209
2253,20,52,194
2254,20,53,160
2255,20,54,181
2256,20,55,168
2257,20,56,184
2258,20,57,184
2259,20,58,202
2260,20,59,169
2261,20,60,165
2262,20,61,161
2263,20,62,181
2264,20,63,178
2265,20,64,177
2266,20,65,171
2267,20,66,158
2268,20,67,171
2269,20,68,166
2270,20,69,174
2271,20,70,168
2272,20,71,129
2273,20,72,36
2274,20,73,33
2275,20,74,87
2276,20,75,70
2277,20,76,97
2278,20,77,135
2279,20,78,78
2280,20,79,37
2281,20,80,21
2282,20,81,1
2348,21,37,3
2349,21,38,10
2350,21,39,76
2351,21,40,197
2352,21,41,149
2353,21,42,135
2354,21,43,40
2355,21,44,81
2356,21,45,130
2357,21,46,126
2358,21,47,196
2359,21,48,166
2360,21,49,148
2361,21,50,165
2362,21,51,164
2363,21,52,169
2364,21,53,181
2365,21,54,193
2366,21,55,180
2367,21,56,172
2368,21,57,174
2369,21,58,175
2370,21,59,169
2371,21,60,151
2372,21,61,120
2373,21,62,130
2374,21,63,129
2375,21,64,151
2376,21,65,146
2377,21,66,159
2378,21,67,158
2379,21,68,162
2380,21,69,165
2381,21,70,162
2382,21,71,175
2383,21,72,126
2384,21,73,34
2385,21,74,66
2386,21,75,99
2387,21,76,68
2388,21,77,145
2389,21,78,126
2390,21,79,58
2391,21,80,45
2392,21,81,17
2458,22,37,13
2459,22,38,35
2460,22,39,139
2461,22,40,181
2462,22,41,148
2463,22,42,115
2464,22,43,137
2465,22,44,116
2466,22,45,98
2467,22,46,152
2468,22,47,200
2469,22,48,197
2470,22,49,144
2471,22,50,154
2472,22,51,151
2473,22,52,150
2474,22,53,175
2475,22,54,186
2476,22,55,167
2477,22,56,162
2478,22,57,166
2479,22,58,160
2480,22,59,164
2481,22,60,146
2482,22,61,130
2483,22,62,132
2484,22,63,115
2485,22,64,132
2486,22,65,117
2487,22,66,117
2488,22,67,113
2489,22,68,109
2490,22,69,103
2491,22,70,94
2492,22,71,88
2493,22,72,109
2494,22,73,101
2495,22,74,61
2496,22,75,92
2497,22,76,123
2498,22,77,56
2499,22,78,177
2500,22,79,130
2501,22,80,57
2502,22,81,34
2503,22,82,9
2566,23,35,1
2567,23,36,7
2568,23,37,11
2569,23,38,111
2570,23,39,158
2571,23,40,142
2572,23,41,166
2573,23,42,76
2574,23,43,141
2575,23,44,90
2576,23,45,136
2577,23,46,194
2578,23,47,188
2579,23,48,175
2580,23,49,132
2581,23,50,116
2582,23,51,135
2583,23,52,130
2584,23,53,159
2585,23,54,162
2586,23,55,171
2587,23,56,158
2588,23,57,144
2589,23,58,159
2590,23,59,161
2591,23,60,154
2592,23,61,155
2593,23,62,122
2594,23,63,97
2595,23,64,81
2596,23,65,77
2597,23,66,82
2598,23,67,70
2599,23,68,53
2600,23,69,34
2601,23,70,48
2602,23,71,94
2603,23,72,153
2604,23,73,155
2605,23,74,120
2606,23,75,74
2607,23,76,98
2608,23,77,94
2609,23,78,76
2610,23,79,167
2611,23,80,110
2612,23,81,47
2613,23,82,39
2614,23,83,5
2675,24,34,1
2676,24,35,6
2677,24,36,25
2678,24,37,87
2679,24,38,183
2680,24,39,123
2681,24,40,140
2682,24,41,107
2683,24,42,111
2684,24,43,58
2685,24,44,121
2686,24,45,194
2687,24,46,194
2688,24,47,182
2689,24,48,149
2690,24,49,100
2691,24,50,71
2692,24,51,60
2693,24,52,82
2694,24,53,110
2695,24,54,121
2696,24,55,137
2697,24,56,144
2698,24,57,124
2699,24,58,131
2700,24,59,148
2701,24,60,112
2702,24,61,99
2703,24,62,71
2704,24,63,76
2705,24,64,120
2706,24,65,164
2707,24,66,192
2708,24,67,159
2709,24,68,86
2710,24,69,63
2711,24,70,70
2712,24,71,104
2713,24,72,130
2714,24,73,119
2715,24,74,114
2716,24,75,105
2717,24,76,47
2718,24,77,75
2719,24,78,72
2720,24,79,138
2721,24,80,158
2722,24,81,90
2723,24,82,35
2724,24,83,29
2725,24,84,2
2785,25,34,6
2786,25,35,15
2787,25,36,54
2788,25,37,154
2789,25,38,182
2790,25,39,128
2791,25,40,130
2792,25,41,64
2793,25,42,66
2794,25,43,134
2795,25,44,172
2796,25,45,158
2797,25,46,148
2798,25,47,69
2799,25,48,58
2800,25,49,68
2801,25,50,68
2802,25,51,59
2803,25,52,52
2804,25,53,46
2805,25,54,56
2806,25,55,82
2807,25,56,84
2808,25,57,93
2809,25,58,95
2810,25,59,74
2811,25,60,72
2812,25,61,74
2813,25,62,105
2814,25,63,167
2815,25,64,193
2816,25,65,205
2817,25,66,205
2818,25,67,157
2819,25,68,96
2820,25,69,79
2821,25,70,85
2822,25,71,94
2823,25,72,98
2824,25,73,87
2825,25,74,88
2826,25,75,80
2827,25,76,68
2828,25,77,30
2829,25,78,52
2830,25,79,88
2831,25,80,162
2832,25,81,175
2833,25,82,94
2834,25,83,32
2835,25,84,20
2836,25,85,1
2894,26,33,4
2895,26,34,14
2896,26,35,55
2897,26,36,172
2898,26,37,174
2899,26,38,162
2900,26,39,156
2901,26,40,84
2902,26,41,66
2903,26,42,105
2904,26,43,172
2905,26,44,186
2906,26,45,148
2907,26,46,64
2908,26,47,70
2909,26,48,74
2910,26,49,71
2911,26,50,78
2912,26,51,83
2913,26,52,70
2914,26,53,70
2915,26,54,62
2916,26,55,55
2917,26,56,54
2918,26,57,58
2919,26,58,66
2920,26,59,75
2921,26,60,92
2922,26,61,123
2923,26,62,180
2924,26,63,190
2925,26,64,199
2926,26,65,210
2927,26,66,198
2928,26,67,141
2929,26,68,111
2930,26,69,108
2931,26,70,94
2932,26,71,83
2933,26,72,77
2934,26,73,77
2935,26,74,80
2936,26,75,81
2937,26,76,50
2938,26,77,19
2939,26,78,21
2940,26,79,37
2941,26,80,143
2942,26,81,151
2943,26,82,145
2944,26,83,47
2945,26,84,29
2946,26,85,7
3003,27,32,8
3004,27,33,14
3005,27,34,58
3006,27,35,188
3007,27,36,207
3008,27,37,195
3009,27,38,174
3010,27,39,102
3011,27,40,73
3012,27,41,77
3013,27,42,204
3014,27,43,182
3015,27,44,112
3016,27,45,46
3017,27,46,62
3018,27,47,38
3019,27,48,17
3020,27,49,24
3021,27,50,51
3022,27,51,72
3023,27,52,81
3024,27,53,89
3025,27,54,61
3026,27,55,80
3027,27,56,116
3028,27,57,80
3029,27,58,70
3030,27,59,77
3031,27,60,88
3032,27,61,122
3033,27,62,157
3034,27,63,170
3035,27,64,192
3036,27,65,165
3037,27,66,127
3038,27,67,109
3039,27,68,101
3040,27,69,79
3041,27,70,53
3042,27,71,46
3043,27,72,33
3044,27,73,27
3045,27,74,19
3046,27,75,27
3047,27,76,45
3048,27,77,38
3049,27,78,10
3050,27,79,15
3051,27,80,98
3052,27,81,156
3053,27,82,196
3054,27,83,117
3055,27,84,41
3056,27,85,30
3057,27,86,3
3112,28,31,7
3113,28,32,15
3114,28,33,66
3115,28,34,175
3116,28,35,189
3117,28,36,206
3118,28,37,195
3119,28,38,200
3120,28,39,81
3121,28,40,67
3122,28,41,180
3123,28,42,132
3124,28,43,50
3125,28,44,29
3126,28,45,104
3127,28,46,149
3128,28,47,152
3129,28,48,95
3130,28,49,49
3131,28,50,20
3132,28,51,48
3133,28,52,71
3134,28,53,63
3135,28,54,62
3136,28,55,91
3137,28,56,84
3138,28,57,116
3139,28,58,172
3140,28,59,180
3141,28,60,177
3142,28,61,148
3143,28,62,117
3144,28,63,115
3145,28,64,110
3146,28,65,95
3147,28,66,87
3148,28,67,58
3149,28,68,47
3150,28,69,66
3151,28,70,95
3152,28,71,110
3153,28,72,108
3154,28,73,114
3155,28,74,108
3156,28,75,100
3157,28,76,81
3158,28,77,61
3159,28,78,34
3160,28,79,27
3161,28,80,53
3162,28,81,166
3163,28,82,214
3164,28,83,199
3165,28,84,64
3166,28,85,39
3167,28,86,20
3168,28,87,1
3221,29,30,10
3222,29,31,16
3223,29,32,70
3224,29,33,133
3225,29,34,171
3226,29,35,190
3227,29,36,177
3228,29,37,159
3229,29,38,139
3230,29,39,39
3231,29,40,63
3232,29,41,90
3233,29,42,24
3234,29,43,52
3235,29,44,133
3236,29,45,146
3237,29,46,165
3238,29,47,173
3239,29,48,141
3240,29,49,107
3241,29,50,87
3242,29,51,23
3243,29,52,34
3244,29,53,69
3245,29,54,67
3246,29,55,60
3247,29,56,75
3248,29,57,82
3249,29,58,118
3250,29,59,134
3251,29,60,139
3252,29,61,118
3253,29,62,102
3254,29,63,99
3255,29,64,91
3256,29,65,64
3257,29,66,47
3258,29,67,80
3259,29,68,117
3260,29,69,118
3261,29,70,114
3262,29,71,124
3263,29,72,126
3264,29,73,126
3265,29,74,148
3266,29,75,173
3267,29,76,165
3268,29,77,143
3269,29,78,48
3270,29,79,46
3271,29,80,28
3272,29,81,155
3273,29,82,194
3274,29,83,195
3275,29,84,135
3276,29,85,44
3277,29,86,37
3278,29,87,5
3330,30,29,4
3331,30,30,12
3332,30,31,69
3333,30,32,173
3334,30,33,192
3335,30,34,203
3336,30,35,219
3337,30,36,170
3338,30,37,117
3339,30,38,52
3340,30,39,53
3341,30,40,74
3342,30,41,24
3343,30,42,73
3344,30,43,183
3345,30,44,150
3346,30,45,173
3347,30,46,166
3348,30,47,172
3349,30,48,137
3350,30,49,124
3351,30,50,111
3352,30,51,90
3353,30,52,54
3354,30,53,30
3355,30,54,55
3356,30,55,79
3357,30,56,83
3358,30,57,88
3359,30,58,88
3360,30,59,83
3361,30,60,91
3362,30,61,90
3363,30,62,89
3364,30,63,70
3365,30,64,47
3366,30,65,80
3367,30,66,111
3368,30,67,112
3369,30,68,120
3370,30,69,121
3371,30,70,128
3372,30,71,135
3373,30,72,130
3374,30,73,139
3375,30,74,158
3376,30,75,172
3377,30,76,175
3378,30,77,157
3379,30,78,66
3380,30,79,66
3381,30,80,34
3382,30,81,118
3383,30,82,205
3384,30,83,195
3385,30,84,180
3386,30,85,63
3387,30,86,45
3388,30,87,19
3389,30,88,1
3439,31,28,3
3440,31,29,19
3441,31,30,110
3442,31,31,197
3443,31,32,201
3444,31,33,203
3445,31,34,209
3446,31,35,215
3447,31,36,140
3448,31,37,79
3449,31,38,51
3450,31,39,103
3451,31,40,34
3452,31,41,103
3453,31,42,159
3454,31,43,167
3455,31,44,159
3456,31,45,152
3457,31,46,163
3458,31,47,150
3459,31,48,151
3460,31,49,130
3461,31,50,117
3462,31,51,117
3463,31,52,98
3464,31,53,74
3465,31,54,44
3466,31,55,30
3467,31,56,66
3468,31,57,74
3469,31,58,91
3470,31,59,89
3471,31,60,79
3472,31,61,61
3473,31,62,42
3474,31,63,58
3475,31,64,101
3476,31,65,122
3477,31,66,110
3478,31,67,121
3479,31,68,125
3480,31,69,129
3481,31,70,142
3482,31,71,146
3483,31,72,156
3484,31,73,161
3485,31,74,142
3486,31,75,182
3487,31,76,189
3488,31,77,171
3489,31,78,95
3490,31,79,57
3491,31,80,43
3492,31,81,103
3493,31,82,192
3494,31,83,228
3495,31,84,212
3496,31,85,174
3497,31,86,43
3498,31,87,33
3499,31,88,10
3548,32,27,4
3549,32,28,13
3550,32,29,113
3551,32,30,196
3552,32,31,200
3553,32,32,215
3554,32,33,227
3555,32,34,222
3556,32,35,177
3557,32,36,83
3558,32,37,74
3559,32,38,68
3560,32,39,44
3561,32,40,143
3562,32,41,158
3563,32,42,165
3564,32,43,183
3565,32,44,185
3566,32,45,168
3567,32,46,145
3568,32,47,157
3569,32,48,156
3570,32,49,132
3571,32,50,131
3572,32,51,114
3573,32,52,114
3574,32,53,103
3575,32,54,100
3576,32,55,78
3577,32,56,40
3578,32,57,41
3579,32,58,37
3580,32,59,30
3581,32,60,32
3582,32,61,57
3583,32,62,95
3584,32,63,112
3585,32,64,110
3586,32,65,130
3587,32,66,134
3588,32,67,120
3589,32,68,125
3590,32,69,155
3591,32,70,153
3592,32,71,161
3593,32,72,166
3594,32,73,156
3595,32,74,160
3596,32,75,182
3597,32,76,188
3598,32,77,195
3599,32,78,165
3600,32,79,37
3601,32,80,70
3602,32,81,60
3603,32,82,169
3604,32,83,229
3605,32,84,204
3606,32,85,199
3607,32,86,78
3608,32,87,42
3609,32,88,14
3657,33,26,3
3658,33,27,11
3659,33,28,99
3660,33,29,192
3661,33,30,202
3662,33,31,216
3663,33,32,225
3664,33,33,199
3665,33,34,159
3666,33,35,75
3667,33,36,105
3668,33,37,76
3669,33,38,36
3670,33,39,169
3671,33,40,163
3672,33,41,163
3673,33,42,172
3674,33,43,182
3675,33,44,176
3676,33,45,162
3677,33,46,148
3678,33,47,139
3679,33,48,147
3680,33,49,146
3681,33,50,115
3682,33,51,121
3683,33,52,116
3684,33,53,110
3685,33,54,106
3686,33,55,101
3687,33,56,86
3688,33,57,63
3689,33,58,62
3690,33,59,86
3691,33,60,96
3692,33,61,89
3693,33,62,116
3694,33,63,129
3695,33,64,136
3696,33,65,134
3697,33,66,141
3698,33,67,131
3699,33,68,120
3700,33,69,147
3701,33,70,151
3702,33,71,145
3703,33,72,163
3704,33,73,151
3705,33,74,169
3706,33,75,177
3707,33,76,199
3708,33,77,200
3709,33,78,200
3710,33,79,35
3711,33,80,90
3712,33,81,38
3713,33,82,138
3714,33,83,195
3715,33,84,196
3716,33,85,238
3717,33,86,144
3718,33,87,38
3719,33,88,30
3720,33,89,3
3766,34,25,5
3767,34,26,22
3768,34,27,86
3769,34,28,182
3770,34,29,177
3771,34,30,175
3772,34,31,173
3773,34,32,195
3774,34,33,141
3775,34,34,92
3776,34,35,117
3777,34,36,101
3778,34,37,29
3779,34,38,144
3780,34,39,181
3781,34,40,180
3782,34,41,188
3783,34,42,181
3784,34,43,185
3785,34,44,194
3786,34,45,169
3787,34,46,138
3788,34,47,149
3789,34,48,136
3790,34,49,123
3791,34,50,132
3792,34,51,123
3793,34,52,108
3794,34,53,107
3795,34,54,106
3796,34,55,110
3797,34,56,116
3798,34,57,123
3799,34,58,115
3800,34,59,112
3801,34,60,123
3802,34,61,106
3803,34,62,133
3804,34,63,125
3805,34,64,134
3806,34,65,130
3807,34,66,128
3808,34,67,127
3809,34,68,123
3810,34,69,108
3811,34,70,132
3812,34,71,136
3813,34,72,163
3814,34,73,138
3815,34,74,172
3816,34,75,181
3817,34,76,200
3818,34,77,208
3819,34,78,206
3820,34,79,80
3821,34,80,78
3822,34,81,55
3823,34,82,86
3824,34,83,177
3825,34,84,179
3826,34,85,251
3827,34,86,199
3828,34,87,85
3829,34,88,41
3830,34,89,8
3875,35,24,5
3876,35,25,14
3877,35,26,110
3878,35,27,185
3879,35,28,190
3880,35,29,184
3881,35,30,218
3882,35,31,187
3883,35,32,167
3884,35,33,94
3885,35,34,113
3886,35,35,127
3887,35,36,45
3888,35,37,133
3889,35,38,183
3890,35,39,178
3891,35,40,200
3892,35,41,194
3893,35,42,206
3894,35,43,172
3895,35,44,169
3896,35,45,154
3897,35,46,154
3898,35,47,152
3899,35,48,146
3900,35,49,113
3901,35,50,137
3902,35,51,144
3903,35,52,116
3904,35,53,115
3905,35,54,115
3906,35,55,118
3907,35,56,113
3908,35,57,132
3909,35,58,127
3910,35,59,125
3911,35,60,125
3912,35,61,116
3913,35,62,115
3914,35,63,106
3915,35,64,106
3916,35,65,126
3917,35,66,123
3918,35,67,131
3919,35,68,132
3920,35,69,134
3921,35,70,143
3922,35,71,155
3923,35,72,161
3924,35,73,165
3925,35,74,163
3926,35,75,192
3927,35,76,191
3928,35,77,212
3929,35,78,192
3930,35,79,93
3931,35,80,47
3932,35,81,87
3933,35,82,47
3934,35,83,194
3935,35,84,182
3936,35,85,211
3937,35,86,237
3938,35,87,101
3939,35,88,44
3940,35,89,26
3941,35,90,2
3983,36,22,1
3984,36,23,5
3985,36,24,34
3986,36,25,145
3987,36,26,181
3988,36,27,197
3989,36,28,210
3990,36,29,212
3991,36,30,195
3992,36,31,127
3993,36,32,89
3994,36,33,108
3995,36,34,126
3996,36,35,62
3997,36,36,119
3998,36,37,170
3999,36,38,174
4000,36,39,187
4001,36,40,196
4002,36,41,213
4003,36,42,201
4004,36,43,126
4005,36,44,143
4006,36,45,116
4007,36,46,145
4008,36,47,135
4009,36,48,153
4010,36,49,151
4011,36,50,137
4012,36,51,124
4013,36,52,140
4014,36,53,118
4015,36,54,113
4016,36,55,107
4017,36,56,93
4018,36,57,110
4019,36,58,116
4020,36,59,105
4021,36,60,115
4022,36,61,110
4023,36,62,110
4024,36,63,114
4025,36,64,133
4026,36,65,125
4027,36,66,123
4028,36,67,151
4029,36,68,159
4030,36,69,159
4031,36,70,163
4032,36,71,152
4033,36,72,159
4034,36,73,127
4035,36,74,158
4036,36,75,186
4037,36,76,183
4038,36,77,206
4039,36,78,200
4040,36,79,184
4041,36,80,35
4042,36,81,109
4043,36,82,24
4044,36,83,171
4045,36,84,186
4046,36,85,209
4047,36,86,241
4048,36,87,188
4049,36,88,72
4050,36,89,36
4051,36,90,6
4092,37,21,5
4093,37,22,8
4094,37,23,48
4095,37,24,165
4096,37,25,194
4097,37,26,200
4098,37,27,166
4099,37,28,211
4100,37,29,191
4101,37,30,114
4102,37,31,73
4103,37,32,109
4104,37,33,110
4105,37,34,58
4106,37,35,142
4107,37,36,179
4108,37,37,186
4109,37,38,192
4110,37,39,187
4111,37,40,209
4112,37,41,200
4113,37,42,163
4114,37,43,142
4115,37,44,174
4116,37,45,144
4117,37,46,154
4118,37,47,176
4119,37,48,154
4120,37,49,139
4121,37,50,150
4122,37,51,157
4123,37,52,122
4124,37,53,128
4125,37,54,129
4126,37,55,127
4127,37,56,108
4128,37,57,94
4129,37,58,108
4130,37,59,114
4131,37,60,106
4132,37,61,108
4133,37,62,110
4134,37,63,110
4135,37,64,111
4136,37,65,132
4137,37,66,153
4138,37,67,153
4139,37,68,141
4140,37,69,134
4141,37,70,148
4142,37,71,157
4143,37,72,146
4144,37,73,160
4145,37,74,175
4146,37,75,191
4147,37,76,187
4148,37,77,210
4149,37,78,208
4150,37,79,209
4151,37,80,61
4152,37,81,68
4153,37,82,38
4154,37,83,113
4155,37,84,204
4156,37,85,185
4157,37,86,245
4158,37,87,232
4159,37,88,116
4160,37,89,40
4161,37,90,14
4162,37,91,2
4201,38,20,3
4202,38,21,15
4203,38,22,96
4204,38,23,187
4205,38,24,199
4206,38,25,209
4207,38,26,217
4208,38,27,199
4209,38,28,197
4210,38,29,126
4211,38,30,80
4212,38,31,81
4213,38,32,121
4214,38,33,46
4215,38,34,128
4216,38,35,174
4217,38,36,185
4218,38,37,198
4219,38,38,187
4220,38,39,207
4221,38,40,167
4222,38,41,166
4223,38,42,150
4224,38,43,194
4225,38,44,159
4226,38,45,161
4227,38,46,160
4228,38,47,156
4229,38,48,160
4230,38,49,144
4231,38,50,150
4232,38,51,175
4233,38,52,152
4234,38,53,141
4235,38,54,123
4236,38,55,128
4237,38,56,134
4238,38,57,138
4239,38,58,111
4240,38,59,104
4241,38,60,101
4242,38,61,103
4243,38,62,112
4244,38,63,131
4245,38,64,138
4246,38,65,123
4247,38,66,147
4248,38,67,160
4249,38,68,154
4250,38,69,145
4251,38,70,155
4252,38,71,166
4253,38,72,155
4254,38,73,164
4255,38,74,176
4256,38,75,186
4257,38,76,199
4258,38,77,198
4259,38,78,208
4260,38,79,206
4261,38,80,102
4262,38,81,61
4263,38,82,56
4264,38,83,60
4265,38,84,212
4266,38,85,187
4267,38,86,248
4268,38,87,205
4269,38,88,113
4270,38,89,42
4271,38,90,22
4310,39,19,3
4311,39,20,29
4312,39,21,128
4313,39,22,196
4314,39,23,192
4315,39,24,192
4316,39,25,206
4317,39,26,188
4318,39,27,162
4319,39,28,148
4320,39,29,122
4321,39,30,113
4322,39,31,115
4323,39,32,66
4324,39,33,83
4325,39,34,179
4326,39,35,177
4327,39,36,171
4328,39,37,172
4329,39,38,204
4330,39,39,194
4331,39,40,209
4332,39,41,186
4333,39,42,186
4334,39,43,200
4335,39,44,172
4336,39,45,165
4337,39,46,156
4338,39,47,163
4339,39,48,156
4340,39,49,148
4341,39,50,152
4342,39,51,172
4343,39,52,165
4344,39,53,153
4345,39,54,146
4346,39,55,144
4347,39,56,140
4348,39,57,110
4349,39,58,123
4350,39,59,112
4351,39,60,103
4352,39,61,140
4353,39,62,129
4354,39,63,126
4355,39,64,135
4356,39,65,142
4357,39,66,170
4358,39,67,172
4359,39,68,159
4360,39,69,152
4361,39,70,162
4362,39,71,174
4363,39,72,172
4364,39,73,170
4365,39,74,163
4366,39,75,196
4367,39,76,197
4368,39,77,207
4369,39,78,210
4370,39,79,175
4371,39,80,121
4372,39,81,44
4373,39,82,79
4374,39,83,30
4375,39,84,193
4376,39,85,178
4377,39,86,228
4378,39,87,250
4379,39,88,219
4380,39,89,73
4381,39,90,38
4382,39,91,9
4419,40,18,8
4420,40,19,29
4421,40,20,163
4422,40,21,202
4423,40,22,207
4424,40,23,217
4425,40,24,189
4426,40,25,182
4427,40,26,167
4428,40,27,176
4429,40,28,96
4430,40,29,67
4431,40,30,103
4432,40,31,73
4433,40,32,71
4434,40,33,152
4435,40,34,185
4436,40,35,170
4437,40,36,162
4438,40,37,194
4439,40,38,184
4440,40,39,191
4441,40,40,191
4442,40,41,165
4443,40,42,159
4444,40,43,133
4445,40,44,144
4446,40,45,146
4447,40,46,145
4448,40,47,148
4449,40,48,161
4450,40,49,161
4451,40,50,158
4452,40,51,155
4453,40,52,156
4454,40,53,157
4455,40,54,165
4456,40,55,162
4457,40,56,149
4458,40,57,143
4459,40,58,137
4460,40,59,137
4461,40,60,127
4462,40,61,136
4463,40,62,152
4464,40,63,148
4465,40,64,163
4466,40,65,167
4467,40,66,167
4468,40,67,185
4469,40,68,173
4470,40,69,168
4471,40,70,167
4472,40,71,178
4473,40,72,185
4474,40,73,176
4475,40,74,173
4476,40,75,203
4477,40,76,200
4478,40,77,202
4479,40,78,223
4480,40,79,188
4481,40,80,135
4482,40,81,54
4483,40,82,68
4484,40,83,20
4485,40,84,138
4486,40,85,188
4487,40,86,205
4488,40,87,225
4489,40,88,223
4490,40,89,137
4491,40,90,46
4492,40,91,21
4493,40,92,2
4528,41,17,5
4529,41,18,22
4530,41,19,141
4531,41,20,190
4532,41,21,194
4533,41,22,157
4534,41,23,181
4535,41,24,194
4536,41,25,175
4537,41,26,207
4538,41,27,108
4539,41,28,88
4540,41,29,83
4541,41,30,88
4542,41,31,38
4543,41,32,130
4544,41,33,157
4545,41,34,175
4546,41,35,169
4547,41,36,171
4548,41,37,174
4549,41,38,195
4550,41,39,196
4551,41,40,198
4552,41,41,160
4553,41,42,154
4554,41,43,171
4555,41,44,187
4556,41,45,184
4557,41,46,163
4558,41,47,168
4559,41,48,161
4560,41,49,144
4561,41,50,139
4562,41,51,169
4563,41,52,152
4564,41,53,146
4565,41,54,156
4566,41,55,160
4567,41,56,134
4568,41,57,171
4569,41,58,125
4570,41,59,135
4571,41,60,157
4572,41,61,159
4573,41,62,158
4574,41,63,152
4575,41,64,171
4576,41,65,166
4577,41,66,173
4578,41,67,181
4579,41,68,176
4580,41,69,172
4581,41,70,171
4582,41,71,192
4583,41,72,176
4584,41,73,194
4585,41,74,193
4586,41,75,198
4587,41,76,201
4588,41,77,203
4589,41,78,219
4590,41,79,205
4591,41,80,180
4592,41,81,54
4593,41,82,58
4594,41,83,36
4595,41,84,76
4596,41,85,178
4597,41,86,202
4598,41,87,251
4599,41,88,253
4600,41,89,200
4601,41,90,76
4602,41,91,30
4603,41,92,5
4604,41,93,1
4637,42,16,1
4638,42,17,26
4639,42,18,115
4640,42,19,190
4641,42,20,188
4642,42,21,177
4643,42,22,196
4644,42,23,204
4645,42,24,180
4646,42,25,160
4647,42,26,147
4648,42,27,74
4649,42,28,88
4650,42,29,73
4651,42,30,36
4652,42,31,97
4653,42,32,159
4654,42,33,161
4655,42,34,154
4656,42,35,175
4657,42,36,185
4658,42,37,162
4659,42,38,188
4660,42,39,192
4661,42,40,158
4662,42,41,145
4663,42,42,170
4664,42,43,155
4665,42,44,140
4666,42,45,165
4667,42,46,158
4668,42,47,180
4669,42,48,184
4670,42,49,162
4671,42,50,152
4672,42,51,147
4673,42,52,129
4674,42,53,144
4675,42,54,164
4676,42,55,138
4677,42,56,143
4678,42,57,170
4679,42,58,158
4680,42,59,168
4681,42,60,177
4682,42,61,171
4683,42,62,189
4684,42,63,190
4685,42,64,190
4686,42,65,192
4687,42,66,170
4688,42,67,183
4689,42,68,183
4690,42,69,174
4691,42,70,159
4692,42,71,150
4693,42,72,171
4694,42,73,201
4695,42,74,192
4696,42,75,185
4697,42,76,196
4698,42,77,199
4699,42,78,218
4700,42,79,223
4701,42,80,201
4702,42,81,82
4703,42,82,47
4704,42,83,44
4705,42,84,34
4706,42,85,197
4707,42,86,196
4708,42,87,246
4709,42,88,254
4710,42,89,250
4711,42,90,102
4712,42,91,39
4713,42,92,11
4747,43,16,9
4748,43,17,63
4749,43,18,180
4750,43,19,184
4751,43,20,181
4752,43,21,186
4753,43,22,186
4754,43,23,186
4755,43,24,179
4756,43,25,152
4757,43,26,70
4758,43,27,43
4759,43,28,49
4760,43,29,30
4761,43,30,112
4762,43,31,158
4763,43,32,158
4764,43,33,168
4765,43,34,170
4766,43,35,186
4767,43,36,158
4768,43,37,171
4769,43,38,183
4770,43,39,160
4771,43,40,162
4772,43,41,136
4773,43,42,180
4774,43,43,169
4775,43,44,166
4776,43,45,160
4777,43,46,134
4778,43,47,182
4779,43,48,164
4780,43,49,170
4781,43,50,161
4782,43,51,169
4783,43,52,165
4784,43,53,185
4785,43,54,183
4786,43,55,171
4787,43,56,183
4788,43,57,188
4789,43,58,202
4790,43,59,176
4791,43,60,189
4792,43,61,185
4793,43,62,182
4794,43,63,174
4795,43,64,167
4796,43,65,178
4797,43,66,170
4798,43,67,183
4799,43,68,175
4800,43,69,175
4801,43,70,166
4802,43,71,178
4803,43,72,159
4804,43,73,198
4805,43,74,188
4806,43,75,191
4807,43,76,207
4808,43,77,201
4809,43,78,212
4810,43,79,216
4811,43,80,205
4812,43,81,127
4813,43,82,50
4814,43,83,57
4815,43,84,18
4816,43,85,173
4817,43,86,186
4818,43,87,232
4819,43,88,253
4820,43,89,249
4821,43,90,160
4822,43,91,44
4823,43,92,19
4824,43,93,2
4856,44,15,4
4857,44,16,32
4858,44,17,169
4859,44,18,192
4860,44,19,190
4861,44,20,173
4862,44,21,195
4863,44,22,199
4864,44,23,158
4865,44,24,199
4866,44,25,97
4867,44,26,43
4868,44,27,19
4869,44,28,8
4870,44,29,73
4871,44,30,143
4872,44,31,155
4873,44,32,174
4874,44,33,171
4875,44,34,191
4876,44,35,161
4877,44,36,159
4878,44,37,176
4879,44,38,169
4880,44,39,160
4881,44,40,136
4882,44,41,174
4883,44,42,174
4884,44,43,161
4885,44,44,181
4886,44,45,165
4887,44,46,178
4888,44,47,166
4889,44,48,168
4890,44,49,171
4891,44,50,164
4892,44,51,171
4893,44,52,181
4894,44,53,198
4895,44,54,173
4896,44,55,186
4897,44,56,187
4898,44,57,188
4899,44,58,181
4900,44,59,197
4901,44,60,208
4902,44,61,210
4903,44,62,201
4904,44,63,189
4905,44,64,201
4906,44,65,187
4907,44,66,185
4908,44,67,202
4909,44,68,179
4910,44,69,148
4911,44,70,160
4912,44,71,162
4913,44,72,161
4914,44,73,188
4915,44,74,188
4916,44,75,195
4917,44,76,210
4918,44,77,202
4919,44,78,209
4920,44,79,224
4921,44,80,216
4922,44,81,165
4923,44,82,48
4924,44,83,74
4925,44,84,20
4926,44,85,114
4927,44,86,189
4928,44,87,220
4929,44,88,252
4930,44,89,255
4931,44,90,237
4932,44,91,60
4933,44,92,31
4934,44,93,8
4935,44,94,1
4964,45,13,1
4965,45,14,1
4966,45,15,11
4967,45,16,112
4968,45,17,200
4969,45,18,195
4970,45,19,190
4971,45,20,167
4972,45,21,192
4973,45,22,195
4974,45,23,183
4975,45,24,164
4976,45,25,82
4977,45,26,16
4978,45,27,18
4979,45,28,31
4980,45,29,126
4981,45,30,158
4982,45,31,167
4983,45,32,179
4984,45,33,166
4985,45,34,203
4986,45,35,146
4987,45,36,156
4988,45,37,168
4989,45,38,144
4990,45,39,153
4991,45,40,170
4992,45,41,134
4993,45,42,148
4994,45,43,160
4995,45,44,150
4996,45,45,156
4997,45,46,181
4998,45,47,186
4999,45,48,182
5000,45,49,187
5001,45,50,182
5002,45,51,167
5003,45,52,188
5004,45,53,187
5005,45,54,145
5006,45,55,187
5007,45,56,190
5008,45,57,199
5009,45,58,211
5010,45,59,202
5011,45,60,196
5012,45,61,182
5013,45,62,199
5014,45,63,196
5015,45,64,191
5016,45,65,189
5017,45,66,183
5018,45,67,179
5019,45,68,169
5020,45,69,176
5021,45,70,170
5022,45,71,165
5023,45,72,181
5024,45,73,205
5025,45,74,219
5026,45,75,189
5027,45,76,207
5028,45,77,210
5029,45,78,208
5030,45,79,221
5031,45,80,216
5032,45,81,189
5033,45,82,50
5034,45,83,74
5035,45,84,30
5036,45,85,55
5037,45,86,210
5038,45,87,215
5039,45,88,247
5040,45,89,246
5041,45,90,221
5042,45,91,116
5043,45,92,35
5044,45,93,5
5075,46,14,2
5076,46,15,35
5077,46,16,171
5078,46,17,196
5079,46,18,209
5080,46,19,186
5081,46,20,205
5082,46,21,206
5083,46,22,155
5084,46,23,193
5085,46,24,116
5086,46,25,59
5087,46,26,6
5088,46,27,14
5089,46,28,56
5090,46,29,143
5091,46,30,157
5092,46,31,170
5093,46,32,190
5094,46,33,163
5095,46,34,180
5096,46,35,150
5097,46,36,162
5098,46,37,142
5099,46,38,156
5100,46,39,148
5101,46,40,156
5102,46,41,148
5103,46,42,168
5104,46,43,176
5105,46,44,160
5106,46,45,180
5107,46,46,169
5108,46,47,179
5109,46,48,180
5110,46,49,180
5111,46,50,170
5112,46,51,173
5113,46,52,173
5114,46,53,179
5115,46,54,178
5116,46,55,195
5117,46,56,197
5118,46,57,211
5119,46,58,199
5120,46,59,185
5121,46,60,190
5122,46,61,203
5123,46,62,192
5124,46,63,194
5125,46,64,186
5126,46,65,188
5127,46,66,178
5128,46,67,160
5129,46,68,174
5130,46,69,176
5131,46,70,170
5132,46,71,163
5133,46,72,186
5134,46,73,189
5135,46,74,220
5136,46,75,179
5137,46,76,208
5138,46,77,203
5139,46,78,200
5140,46,79,209
5141,46,80,217
5142,46,81,204
5143,46,82,97
5144,46,83,70
5145,46,84,43
5146,46,85,20
5147,46,86,188
5148,46,87,190
5149,46,88,224
5150,46,89,245
5151,46,90,252
5152,46,91,164
5153,46,92,39
5154,46,93,23
5155,46,94,2
5185,47,14,5
5186,47,15,99
5187,47,16,192
5188,47,17,194
5189,47,18,173
5190,47,19,181
5191,47,20,194
5192,47,21,191
5193,47,22,179
5194,47,23,170
5195,47,24,110
5196,47,25,59
5197,47,26,3
5198,47,27,15
5199,47,28,38
5200,47,29,134
5201,47,30,150
5202,47,31,166
5203,47,32,170
5204,47,33,175
5205,47,34,173
5206,47,35,166
5207,47,36,149
5208,47,37,150
5209,47,38,160
5210,47,39,155
5211,47,40,150
5212,47,41,121
5213,47,42,140
5214,47,43,125
5215,47,44,132
5216,47,45,174
5217,47,46,169
5218,47,47,168
5219,47,48,159
5220,47,49,163
5221,47,50,156
5222,47,51,174
5223,47,52,179
5224,47,53,166
5225,47,54,157
5226,47,55,185
5227,47,56,195
5228,47,57,184
5229,47,58,207
5230,47,59,160
5231,47,60,207
5232,47,61,216
5233,47,62,187
5234,47,63,162
5235,47,64,153
5236,47,65,148
5237,47,66,145
5238,47,67,143
5239,47,68,161
5240,47,69,161
5241,47,70,156
5242,47,71,170
5243,47,72,195
5244,47,73,181
5245,47,74,208
5246,47,75,183
5247,47,76,197
5248,47,77,210
5249,47,78,212
5250,47,79,217
5251,47,80,216
5252,47,81,200
5253,47,82,144
5254,47,83,65
5255,47,84,64
5256,47,85,15
5257,47,86,121
5258,47,87,177
5259,47,88,227
5260,47,89,252
5261,47,90,252
5262,47,91,190
5263,47,92,62
5264,47,93,32
5265,47,94,5
5293,48,12,1
5295,48,14,17
5296,48,15,168
5297,48,16,188
5298,48,17,192
5299,48,18,186
5300,48,19,200
5301,48,20,194
5302,48,21,173
5303,48,22,179
5304,48,23,185
5305,48,24,122
5306,48,25,76
5307,48,26,2
5308,48,27,6
5309,48,28,18
5310,48,29,99
5311,48,30,141
5312,48,31,152
5313,48,32,167
5314,48,33,174
5315,48,34,174
5316,48,35,162
5317,48,36,152
5318,48,37,155
5319,48,38,137
5320,48,39,158
5321,48,40,142
5322,48,41,154
5323,48,42,152
5324,48,43,163
5325,48,44,164
5326,48,45,148
5327,48,46,152
5328,48,47,153
5329,48,48,163
5330,48,49,165
5331,48,50,153
5332,48,51,154
5333,48,52,137
5334,48,53,124
5335,48,54,142
5336,48,55,142
5337,48,56,150
5338,48,57,183
5339,48,58,160
5340,48,59,150
5341,48,60,154
5342,48,61,139
5343,48,62,154
5344,48,63,185
5345,48,64,191
5346,48,65,186
5347,48,66,181
5348,48,67,183
5349,48,68,158
5350,48,69,139
5351,48,70,135
5352,48,71,121
5353,48,72,140
5354,48,73,121
5355,48,74,150
5356,48,75,165
5357,48,76,157
5358,48,77,189
5359,48,78,203
5360,48,79,214
5361,48,80,226
5362,48,81,213
5363,48,82,166
5364,48,83,47
5365,48,84,91
5366,48,85,25
5367,48,86,52
5368,48,87,185
5369,48,88,207
5370,48,89,241
5371,48,90,254
5372,48,91,251
5373,48,92,115
5374,48,93,30
5375,48,94,12
5376,48,95,2
5404,49,13,2
5405,49,14,71
5406,49,15,186
5407,49,16,196
5408,49,17,182
5409,49,18,212
5410,49,19,210
5411,49,20,196
5412,49,21,172
5413,49,22,175
5414,49,23,194
5415,49,24,110
5416,49,25,88
5417,49,26,7
5418,49,27,1
5419,49,28,10
5420,49,29,75
5421,49,30,148
5422,49,31,152
5423,49,32,174
5424,49,33,161
5425,49,34,153
5426,49,35,148
5427,49,36,130
5428,49,37,149
5429,49,38,118
5430,49,39,128
5431,49,40,133
5432,49,41,121
5433,49,42,115
5434,49,43,132
5435,49,44,155
5436,49,45,119
5437,49,46,130
5438,49,47,133
5439,49,48,150
5440,49,49,140
5441,49,50,152
5442,49,51,157
5443,49,52,145
5444,49,53,92
5445,49,54,87
5446,49,55,77
5447,49,56,49
5448,49,57,74
5449,49,58,136
5450,49,59,157
5451,49,60,191
5452,49,61,188
5453,49,62,183
5454,49,63,193
5455,49,64,185
5456,49,65,165
5457,49,66,153
5458,49,67,154
5459,49,68,165
5460,49,69,144
5461,49,70,140
5462,49,71,155
5463,49,72,171
5464,49,73,147
5465,49,74,161
5466,49,75,173
5467,49,76,142
5468,49,77,157
5469,49,78,151
5470,49,79,178
5471,49,80,202
5472,49,81,209
5473,49,82,188
5474,49,83,65
5475,49,84,86
5476,49,85,63
5477,49,86,22
5478,49,87,171
5479,49,88,183
5480,49,89,237
5481,49,90,253
5482,49,91,253
5483,49,92,148
5484,49,93,40
5485,49,94,16
5486,49,95,2
5513,50,12,1
5514,50,13,8
5515,50,14,98
5516,50,15,183
5517,50,16,199
5518,50,17,188
5519,50,18,206
5520,50,19,201
5521,50,20,202
5522,50,21,162
5523,50,22,192
5524,50,23,192
5525,50,24,119
5526,50,25,98
5527,50,26,10
5528,50,27,3
5529,50,28,9
5530,50,29,69
5531,50,30,160
5532,50,31,176
5533,50,32,181
5534,50,33,168
5535,50,34,168
5536,50,35,147
5537,50,36,121
5538,50,37,128
5539,50,38,130
5540,50,39,133
5541,50,40,128
5542,50,41,125
5543,50,42,135
5544,50,43,142
5545,50,44,149
5546,50,45,133
5547,50,46,150
5548,50,47,157
5549,50,48,155
5550,50,49,159
5551,50,50,120
5552,50,51,108
5553,50,52,91
5554,50,53,74
5555,50,54,45
5556,50,55,51
5557,50,56,76
5558,50,57,74
5559,50,58,76
5560,50,59,142
5561,50,60,154
5562,50,61,165
5563,50,62,155
5564,50,63,140
5565,50,64,173
5566,50,65,166
5567,50,66,179
5568,50,67,183
5569,50,68,186
5570,50,69,172
5571,50,70,183
5572,50,71,167
5573,50,72,174
5574,50,73,176
5575,50,74,179
5576,50,75,198
5577,50,76,182
5578,50,77,186
5579,50,78,193
5580,50,79,202
5581,50,80,210
5582,50,81,211
5583,50,82,186
5584,50,83,111
5585,50,84,59
5586,50,85,71
5587,50,86,20
5588,50,87,175
5589,50,88,188
5590,50,89,211
5591,50,90,253
5592,50,91,252
5593,50,92,199
5594,50,93,50
5595,50,94,20
5596,50,95,2
5624,51,13,13
5625,51,14,166
5626,51,15,189
5627,51,16,191
5628,51,17,203
5629,51,18,206
5630,51,19,207
5631,51,20,195
5632,51,21,169
5633,51,22,201
5634,51,23,182
5635,51,24,104
5636,51,25,121
5637,51,26,23
5638,51,27,7
5639,51,28,16
5640,51,29,105
5641,51,30,177
5642,51,31,160
5643,51,32,168
5644,51,33,172
5645,51,34,145
5646,51,35,135
5647,51,36,127
5648,51,37,133
5649,51,38,139
5650,51,39,150
5651,51,40,143
5652,51,41,133
5653,51,42,135
5654,51,43,140
5655,51,44,143
5656,51,45,155
5657,51,46,139
5658,51,47,142
5659,51,48,138
5660,51,49,143
5661,51,50,112
5662,51,51,105
5663,51,52,85
5664,51,53,56
5665,51,54,41
5666,51,55,30
5667,51,56,31
5668,51,57,69
5669,51,58,108
5670,51,59,130
5671,51,60,139
5672,51,61,165
5673,51,62,150
5674,51,63,147
5675,51,64,159
5676,51,65,173
5677,51,66,155
5678,51,67,183
5679,51,68,166
5680,51,69,144
5681,51,70,155
5682,51,71,135
5683,51,72,153
5684,51,73,143
5685,51,74,147
5686,51,75,171
5687,51,76,182
5688,51,77,182
5689,51,78,198
5690,51,79,220
5691,51,80,201
5692,51,81,217
5693,51,82,196
5694,51,83,142
5695,51,84,45
5696,51,85,77
5697,51,86,14
5698,51,87,151
5699,51,88,200
5700,51,89,206
5701,51,90,250
5702,51,91,243
5703,51,92,239
5704,51,93,74
5705,51,94,20
5706,51,95,3
5734,52,13,29
5735,52,14,175
5736,52,15,192
5737,52,16,175
5738,52,17,180
5739,52,18,199
5740,52,19,204
5741,52,20,180
5742,52,21,186
5743,52,22,200
5744,52,23,162
5745,52,24,98
5746,52,25,136
5747,52,26,22
5748,52,27,30
5749,52,28,43
5750,52,29,137
5751,52,30,179
5752,52,31,175
5753,52,32,153
5754,52,33,146
5755,52,34,146
5756,52,35,94
5757,52,36,111
5758,52,37,133
5759,52,38,120
5760,52,39,144
5761,52,40,153
5762,52,41,137
5763,52,42,146
5764,52,43,150
5765,52,44,150
5766,52,45,154
5767,52,46,146
5768,52,47,129
5769,52,48,113
5770,52,49,91
5771,52,50,90
5772,52,51,50
5773,52,52,76
5774,52,53,67
5775,52,54,91
5776,52,55,76
5777,52,56,44
5778,52,57,43
5779,52,58,76
5780,52,59,98
5781,52,60,105
5782,52,61,143
5783,52,62,167
5784,52,63,170
5785,52,64,175
5786,52,65,169
5787,52,66,153
5788,52,67,151
5789,52,68,129
5790,52,69,165
5791,52,70,176
5792,52,71,167
5793,52,72,145
5794,52,73,165
5795,52,74,131
5796,52,75,176
5797,52,76,154
5798,52,77,175
5799,52,78,173
5800,52,79,204
5801,52,80,194
5802,52,81,219
5803,52,82,202
5804,52,83,145
5805,52,84,35
5806,52,85,95
5807,52,86,29
5808,52,87,115
5809,52,88,208
5810,52,89,183
5811,52,90,240
5812,52,91,236
5813,52,92,254
5814,52,93,104
5815,52,94,24
5816,52,95,4
5843,53,12,1
5844,53,13,40
5845,53,14,183
5846,53,15,182
5847,53,16,171
5848,53,17,198
5849,53,18,174
5850,53,19,179
5851,53,20,145
5852,53,21,186
5853,53,22,189
5854,53,23,146
5855,53,24,102
5856,53,25,142
5857,53,26,32
5858,53,27,17
5859,53,28,98
5860,53,29,154
5861,53,30,161
5862,53,31,173
5863,53,32,177
5864,53,33,150
5865,53,34,155
5866,53,35,122
5867,53,36,105
5868,53,37,124
5869,53,38,88
5870,53,39,102
5871,53,40,129
5872,53,41,120
5873,53,42,137
5874,53,43,137
5875,53,44,124
5876,53,45,138
5877,53,46,157
5878,53,47,133
5879,53,48,138
5880,53,49,114
5881,53,50,71
5882,53,51,57
5883,53,52,87
5884,53,53,111
5885,53,54,88
5886,53,55,94
5887,53,56,82
5888,53,57,58
5889,53,58,62
5890,53,59,125
5891,53,60,133
5892,53,61,145
5893,53,62,162
5894,53,63,166
5895,53,64,170
5896,53,65,170
5897,53,66,161
5898,53,67,165
5899,53,68,159
5900,53,69,134
5901,53,70,134
5902,53,71,133
5903,53,72,152
5904,53,73,154
5905,53,74,184
5906,53,75,162
5907,53,76,169
5908,53,77,165
5909,53,78,177
5910,53,79,206
5911,53,80,193
5912,53,81,219
5913,53,82,205
5914,53,83,163
5915,53,84,38
5916,53,85,65
5917,53,86,57
5918,53,87,100
5919,53,88,197
5920,53,89,196
5921,53,90,198
5922,53,91,250
5923,53,92,254
5924,53,93,157
5925,53,94,39
5926,53,95,4
5927,53,96,1
5952,54,11,1
5953,54,12,2
5954,54,13,64
5955,54,14,183
5956,54,15,179
5957,54,16,182
5958,54,17,198
5959,54,18,198
5960,54,19,197
5961,54,20,168
5962,54,21,179
5963,54,22,160
5964,54,23,158
5965,54,24,121
5966,54,25,137
5967,54,26,49
5968,54,27,16
5969,54,28,126
5970,54,29,153
5971,54,30,166
5972,54,31,178
5973,54,32,182
5974,54,33,143
5975,54,34,142
5976,54,35,105
5977,54,36,131
5978,54,37,126
5979,54,38,122
5980,54,39,102
5981,54,40,99
5982,54,41,116
5983,54,42,127
5984,54,43,136
5985,54,44,166
5986,54,45,170
5987,54,46,159
5988,54,47,137
5989,54,48,133
5990,54,49,100
5991,54,50,77
5992,54,51,107
5993,54,52,138
5994,54,53,129
5995,54,54,141
5996,54,55,141
5997,54,56,114
5998,54,57,84
5999,54,58,57
6000,54,59,102
6001,54,60,131
6002,54,61,121
6003,54,62,140
6004,54,63,166
6005,54,64,160
6006,54,65,160
6007,54,66,158
6008,54,67,147
6009,54,68,158
6010,54,69,162
6011,54,70,160
6012,54,71,145
6013,54,72,174
6014,54,73,149
6015,54,74,169
6016,54,75,174
6017,54,76,180
6018,54,77,156
6019,54,78,160
6020,54,79,204
6021,54,80,196
6022,54,81,208
6023,54,82,217
6024,54,83,170
6025,54,84,37
6026,54,85,34
6027,54,86,68
6028,54,87,49
6029,54,88,194
6030,54,89,205
6031,54,90,210
6032,54,91,248
6033,54,92,252
6034,54,93,183
6035,54,94,34
6036,54,95,9
6037,54,96,1
6063,55,12,3
6064,55,13,84
6065,55,14,186
6066,55,15,188
6067,55,16,183
6068,55,17,206
6069,55,18,201
6070,55,19,193
6071,55,20,171
6072,55,21,200
6073,55,22,156
6074,55,23,169
6075,55,24,140
6076,55,25,131
6077,55,26,54
6078,55,27,21
6079,55,28,133
6080,55,29,146
6081,55,30,155
6082,55,31,184
6083,55,32,174
6084,55,33,161
6085,55,34,143
6086,55,35,127
6087,55,36,142
6088,55,37,133
6089,55,38,106
6090,55,39,135
6091,55,40,152
6092,55,41,124
6093,55,42,142
6094,55,43,134
6095,55,44,153
6096,55,45,136
6097,55,46,163
6098,55,47,142
6099,55,48,137
6100,55,49,96
6101,55,50,144
6102,55,51,135
6103,55,52,128
6104,55,53,152
6105,55,54,138
6106,55,55,124
6107,55,56,78
6108,55,57,56
6109,55,58,49
6110,55,59,63
6111,55,60,119
6112,55,61,138
6113,55,62,142
6114,55,63,146
6115,55,64,151
6116,55,65,158
6117,55,66,139
6118,55,67,144
6119,55,68,117
6120,55,69,119
6121,55,70,133
6122,55,71,127
6123,55,72,143
6124,55,73,138
6125,55,74,160
6126,55,75,145
6127,55,76,147
6128,55,77,146
6129,55,78,146
6130,55,79,166
6131,55,80,194
6132,55,81,201
6133,55,82,207
6134,55,83,174
6135,55,84,34
6136,55,85,20
6137,55,86,48
6138,55,87,19
6139,55,88,184
6140,55,89,213
6141,55,90,222
6142,55,91,230
6143,55,92,251
6144,55,93,192
6145,55,94,37
6146,55,95,10
6147,55,96,1
6173,56,12,1
6174,56,13,105
6175,56,14,174
6176,56,15,189
6177,56,16,175
6178,56,17,202
6179,56,18,200
6180,56,19,181
6181,56,20,183
6182,56,21,198
6183,56,22,172
6184,56,23,167
6185,56,24,85
6186,56,25,109
6187,56,26,57
6188,56,27,21
6189,56,28,155
6190,56,29,163
6191,56,30,163
6192,56,31,174
6193,56,32,157
6194,56,33,118
6195,56,34,138
6196,56,35,135
6197,56,36,151
6198,56,37,142
6199,56,38,103
6200,56,39,133
6201,56,40,144
6202,56,41,137
6203,56,42,122
6204,56,43,146
6205,56,44,156
6206,56,45,154
6207,56,46,141
6208,56,47,123
6209,56,48,104
6210,56,49,160
6211,56,50,173
6212,56,51,129
6213,56,52,112
6214,56,53,156
6215,56,54,131
6216,56,55,124
6217,56,56,21
6218,56,57,13
6219,56,58,39
6220,56,59,43
6221,56,60,50
6222,56,61,120
6223,56,62,146
6224,56,63,156
6225,56,64,166
6226,56,65,145
6227,56,66,151
6228,56,67,146
6229,56,68,158
6230,56,69,159
6231,56,70,147
6232,56,71,133
6233,56,72,153
6234,56,73,133
6235,56,74,136
6236,56,75,139
6237,56,76,177
6238,56,77,173
6239,56,78,167
6240,56,79,169
6241,56,80,191
6242,56,81,203
6243,56,82,190
6244,56,83,171
6245,56,84,20
6246,56,85,25
6247,56,86,39
6248,56,87,8
6249,56,88,159
6250,56,89,205
6251,56,90,227
6252,56,91,208
6253,56,92,245
6254,56,93,210
6255,56,94,52
6256,56,95,15
6257,56,96,1
6283,57,12,6
6284,57,13,113
6285,57,14,160
6286,57,15,188
6287,57,16,175
6288,57,17,202
6289,57,18,198
6290,57,19,175
6291,57,20,192
6292,57,21,205
6293,57,22,173
6294,57,23,183
6295,57,24,109
6296,57,25,69
6297,57,26,60
6298,57,27,20
6299,57,28,144
6300,57,29,151
6301,57,30,154
6302,57,31,173
6303,57,32,192
6304,57,33,136
6305,57,34,115
6306,57,35,121
6307,57,36,123
6308,57,37,136
6309,57,38,148
6310,57,39,145
6311,57,40,127
6312,57,41,125
6313,57,42,136
6314,57,43,150
6315,57,44,163
6316,57,45,163
6317,57,46,144
6318,57,47,96
6319,57,48,128
6320,57,49,114
6321,57,50,127
6322,57,51,162
6323,57,52,159
6324,57,53,132
6325,57,54,113
6326,57,55,156
6327,57,56,75
6328,57,57,4
6329,57,58,35
6330,57,59,20
6331,57,60,43
6332,57,61,92
6333,57,62,146
6334,57,63,143
6335,57,64,147
6336,57,65,136
6337,57,66,148
6338,57,67,149
6339,57,68,160
6340,57,69,145
6341,57,70,122
6342,57,71,142
6343,57,72,152
6344,57,73,164
6345,57,74,156
6346,57,75,158
6347,57,76,170
6348,57,77,150
6349,57,78,141
6350,57,79,173
6351,57,80,190
6352,57,81,204
6353,57,82,194
6354,57,83,119
6355,57,84,15
6356,57,85,26
6357,57,86,44
6358,57,87,6
6359,57,88,137
6360,57,89,188
6361,57,90,231
6362,57,91,231
6363,57,92,229
6364,57,93,181
6365,57,94,62
6366,57,95,10
6393,58,12,5
6394,58,13,91
6395,58,14,139
6396,58,15,160
6397,58,16,181
6398,58,17,177
6399,58,18,200
6400,58,19,167
6401,58,20,188
6402,58,21,191
6403,58,22,162
6404,58,23,175
6405,58,24,127
6406,58,25,76
6407,58,26,74
6408,58,27,30
6409,58,28,139
6410,58,29,151
6411,58,30,163
6412,58,31,188
6413,58,32,189
6414,58,33,134
6415,58,34,133
6416,58,35,135
6417,58,36,130
6418,58,37,165
6419,58,38,159
6420,58,39,138
6421,58,40,148
6422,58,41,150
6423,58,42,149
6424,58,43,171
6425,58,44,175
6426,58,45,163
6427,58,46,126
6428,58,47,96
6429,58,48,125
6430,58,49,135
6431,58,50,141
6432,58,51,180
6433,58,52,139
6434,58,53,121
6435,58,54,123
6436,58,55,145
6437,58,56,130
6438,58,57,33
6439,58,58,11
6440,58,59,19
6441,58,60,27
6442,58,61,57
6443,58,62,129
6444,58,63,171
6445,58,64,167
6446,58,65,175
6447,58,66,155
6448,58,67,144
6449,58,68,139
6450,58,69,127
6451,58,70,134
6452,58,71,123
6453,58,72,143
6454,58,73,172
6455,58,74,132
6456,58,75,191
6457,58,76,173
6458,58,77,130
6459,58,78,163
6460,58,79,174
6461,58,80,180
6462,58,81,185
6463,58,82,176
6464,58,83,60
6465,58,84,19
6466,58,85,29
6467,58,86,40
6468,58,87,16
6469,58,88,117
6470,58,89,189
6471,58,90,210
6472,58,91,236
6473,58,92,253
6474,58,93,215
6475,58,94,48
6476,58,95,11
6477,58,96,2
6503,59,12,1
6504,59,13,92
6505,59,14,175
6506,59,15,163
6507,59,16,203
6508,59,17,195
6509,59,18,198
6510,59,19,169
6511,59,20,183
6512,59,21,173
6513,59,22,159
6514,59,23,179
6515,59,24,118
6516,59,25,50
6517,59,26,90
6518,59,27,23
6519,59,28,138
6520,59,29,157
6521,59,30,168
6522,59,31,179
6523,59,32,180
6524,59,33,128
6525,59,34,132
6526,59,35,143
6527,59,36,155
6528,59,37,151
6529,59,38,159
6530,59,39,154
6531,59,40,154
6532,59,41,157
6533,59,42,157
6534,59,43,176
6535,59,44,165
6536,59,45,153
6537,59,46,95
6538,59,47,142
6539,59,48,139
6540,59,49,159
6541,59,50,161
6542,59,51,131
6543,59,52,108
6544,59,53,119
6545,59,54,119
6546,59,55,127
6547,59,56,124
6548,59,57,87
6549,59,58,17
6550,59,59,11
6551,59,60,20
6552,59,61,25
6553,59,62,115
6554,59,63,174
6555,59,64,185
6556,59,65,192
6557,59,66,186
6558,59,67,173
6559,59,68,162
6560,59,69,167
6561,59,70,153
6562,59,71,128
6563,59,72,148
6564,59,73,177
6565,59,74,168
6566,59,75,185
6567,59,76,178
6568,59,77,144
6569,59,78,178
6570,59,79,166
6571,59,80,172
6572,59,81,185
6573,59,82,156
6574,59,83,26
6575,59,84,25
6576,59,85,28
6577,59,86,46
6578,59,87,54
6579,59,88,112
6580,59,89,193
6581,59,90,206
6582,59,91,244
6583,59,92,252
6584,59,93,182
6585,59,94,46
6586,59,95,7
6587,59,96,1
6613,60,12,1
6614,60,13,64
6615,60,14,161
6616,60,15,182
6617,60,16,193
6618,60,17,193
6619,60,18,196
6620,60,19,161
6621,60,20,189
6622,60,21,186
6623,60,22,142
6624,60,23,128
6625,60,24,63
6626,60,25,39
6627,60,26,88
6628,60,27,21
6629,60,28,112
6630,60,29,161
6631,60,30,158
6632,60,31,174
6633,60,32,164
6634,60,33,144
6635,60,34,146
6636,60,35,133
6637,60,36,156
6638,60,37,153
6639,60,38,148
6640,60,39,150
6641,60,40,154
6642,60,41,161
6643,60,42,155
6644,60,43,171
6645,60,44,165
6646,60,45,156
6647,60,46,106
6648,60,47,111
6649,60,48,113
6650,60,49,123
6651,60,50,139
6652,60,51,136
6653,60,52,103
6654,60,53,92
6655,60,54,93
6656,60,55,96
6657,60,56,127
6658,60,57,95
6659,60,58,56
6660,60,59,18
6661,60,60,14
6662,60,61,19
6663,60,62,54
6664,60,63,170
6665,60,64,182
6666,60,65,194
6667,60,66,185
6668,60,67,190
6669,60,68,187
6670,60,69,163
6671,60,70,169
6672,60,71,158
6673,60,72,144
6674,60,73,156
6675,60,74,169
6676,60,75,171
6677,60,76,138
6678,60,77,183
6679,60,78,189
6680,60,79,165
6681,60,80,183
6682,60,81,187
6683,60,82,77
6684,60,83,26
6685,60,84,26
6686,60,85,18
6687,60,86,31
6688,60,87,29
6689,60,88,124
6690,60,89,201
6691,60,90,211
6692,60,91,251
6693,60,92,247
6694,60,93,118
6695,60,94,26
6696,60,95,5
6724,61,13,45
6725,61,14,176
6726,61,15,191
6727,61,16,192
6728,61,17,190
6729,61,18,166
6730,61,19,190
6731,61,20,174
6732,61,21,180
6733,61,22,152
6734,61,23,100
6735,61,24,54
6736,61,25,27
6737,61,26,84
6738,61,27,39
6739,61,28,57
6740,61,29,166
6741,61,30,159
6742,61,31,179
6743,61,32,155
6744,61,33,141
6745,61,34,159
6746,61,35,143
6747,61,36,151
6748,61,37,148
6749,61,38,145
6750,61,39,154
6751,61,40,157
6752,61,41,156
6753,61,42,160
6754,61,43,179
6755,61,44,172
6756,61,45,169
6757,61,46,107
6758,61,47,113
6759,61,48,89
6760,61,49,68
6761,61,50,58
6762,61,51,57
6763,61,52,27
6764,61,53,31
6765,61,54,36
6766,61,55,80
6767,61,56,131
6768,61,57,85
6769,61,58,79
6770,61,59,63
6771,61,60,17
6772,61,61,20
6773,61,62,34
6774,61,63,133
6775,61,64,176
6776,61,65,184
6777,61,66,178
6778,61,67,195
6779,61,68,175
6780,61,69,172
6781,61,70,157
6782,61,71,158
6783,61,72,163
6784,61,73,140
6785,61,74,162
6786,61,75,149
6787,61,76,174
6788,61,77,170
6789,61,78,160
6790,61,79,178
6791,61,80,162
6792,61,81,135
6793,61,82,27
6794,61,83,18
6795,61,84,15
6796,61,85,6
6797,61,86,51
6798,61,87,35
6799,61,88,180
6800,61,89,212
6801,61,90,227
6802,61,91,253
6803,61,92,230
6804,61,93,104
6805,61,94,19
6806,61,95,3
6834,62,13,21
6835,62,14,166
6836,62,15,188
6837,62,16,192
6838,62,17,192
6839,62,18,183
6840,62,19,179
6841,62,20,184
6842,62,21,197
6843,62,22,145
6844,62,23,69
6845,62,24,56
6846,62,25,54
6847,62,26,124
6848,62,27,43
6849,62,28,63
6850,62,29,162
6851,62,30,153
6852,62,31,170
6853,62,32,170
6854,62,33,148
6855,62,34,148
6856,62,35,156
6857,62,36,152
6858,62,37,158
6859,62,38,146
6860,62,39,153
6861,62,40,164
6862,62,41,162
6863,62,42,158
6864,62,43,177
6865,62,44,168
6866,62,45,162
6867,62,46,103
6868,62,47,113
6869,62,48,64
6870,62,49,36
6871,62,50,53
6872,62,51,45
6873,62,52,83
6874,62,53,80
6875,62,54,105
6876,62,55,101
6877,62,56,129
6878,62,57,88
6879,62,58,90
6880,62,59,75
6881,62,60,25
6882,62,61,16
6883,62,62,17
6884,62,63,92
6885,62,64,156
6886,62,65,176
6887,62,66,183
6888,62,67,200
6889,62,68,176
6890,62,69,163
6891,62,70,177
6892,62,71,155
6893,62,72,161
6894,62,73,146
6895,62,74,170
6896,62,75,138
6897,62,76,176
6898,62,77,151
6899,62,78,197
6900,62,79,186
6901,62,80,152
6902,62,81,69
6903,62,82,27
6904,62,83,14
6905,62,84,4
6906,62,85,10
6907,62,86,35
6908,62,87,66
6909,62,88,203
6910,62,89,206
6911,62,90,233
6912,62,91,243
6913,62,92,171
6914,62,93,40
6915,62,94,10
6916,62,95,1
6944,63,13,13
6945,63,14,135
6946,63,15,192
6947,63,16,187
6948,63,17,209
6949,63,18,196
6950,63,19,105
6951,63,20,69
6952,63,21,136
6953,63,22,86
6954,63,23,56
6955,63,24,55
6956,63,25,74
6957,63,26,154
6958,63,27,44
6959,63,28,77
6960,63,29,148
6961,63,30,142
6962,63,31,159
6963,63,32,163
6964,63,33,151
6965,63,34,157
6966,63,35,141
6967,63,36,148
6968,63,37,145
6969,63,38,152
6970,63,39,164
6971,63,40,161
6972,63,41,158
6973,63,42,168
6974,63,43,171
6975,63,44,173
6976,63,45,168
6977,63,46,101
6978,63,47,96
6979,63,48,23
6980,63,49,63
6981,63,50,65
6982,63,51,90
6983,63,52,135
6984,63,53,129
6985,63,54,124
6986,63,55,70
6987,63,56,66
6988,63,57,107
6989,63,58,148
6990,63,59,80
6991,63,60,62
6992,63,61,37
6993,63,62,33
6994,63,63,102
6995,63,64,140
6996,63,65,160
6997,63,66,181
6998,63,67,185
6999,63,68,170
7000,63,69,164
7001,63,70,181
7002,63,71,161
7003,63,72,156
7004,63,73,157
7005,63,74,157
7006,63,75,185
7007,63,76,187
7008,63,77,202
7009,63,78,183
7010,63,79,186
7011,63,80,120
7012,63,81,20
7013,63,82,22
7014,63,83,35
7015,63,84,38
7016,63,85,51
7017,63,86,49
7018,63,87,168
7019,63,88,210
7020,63,89,221
7021,63,90,240
7022,63,91,228
7023,63,92,108
7024,63,93,28
7025,63,94,3
7054,64,13,3
7055,64,14,88
7056,64,15,194
7057,64,16,194
7058,64,17,217
7059,64,18,205
7060,64,19,93
7061,64,20,42
7062,64,21,119
7063,64,22,121
7064,64,23,28
7065,64,24,54
7066,64,25,84
7067,64,26,144
7068,64,27,40
7069,64,28,114
7070,64,29,140
7071,64,30,138
7072,64,31,149
7073,64,32,156
7074,64,33,153
7075,64,34,139
7076,64,35,140
7077,64,36,139
7078,64,37,137
7079,64,38,131
7080,64,39,159
7081,64,40,157
7082,64,41,162
7083,64,42,177
7084,64,43,176
7085,64,44,171
7086,64,45,165
7087,64,46,111
7088,64,47,70
7089,64,48,27
7090,64,49,61
7091,64,50,62
7092,64,51,58
7093,64,52,65
7094,64,53,70
7095,64,54,81
7096,64,55,111
7097,64,56,128
7098,64,57,85
7099,64,58,109
7100,64,59,149
7101,64,60,48
7102,64,61,59
7103,64,62,33
7104,64,63,106
7105,64,64,132
7106,64,65,159
7107,64,66,176
7108,64,67,176
7109,64,68,179
7110,64,69,172
7111,64,70,162
7112,64,71,169
7113,64,72,175
7114,64,73,190
7115,64,74,158
7116,64,75,188
7117,64,76,197
7118,64,77,211
7119,64,78,190
7120,64,79,187
7121,64,80,92
7122,64,81,22
7123,64,82,23
7124,64,83,52
7125,64,84,80
7126,64,85,86
7127,64,86,122
7128,64,87,205
7129,64,88,223
7130,64,89,223
7131,64,90,248
7132,64,91,234
7133,64,92,73
7134,64,93,21
7135,64,94,2
7164,65,13,1
7165,65,14,64
7166,65,15,179
7167,65,16,196
7168,65,17,203
7169,65,18,200
7170,65,19,139
7171,65,20,71
7172,65,21,116
7173,65,22,134
7174,65,23,48
7175,65,24,62
7176,65,25,129
7177,65,26,144
7178,65,27,45
7179,65,28,52
7180,65,29,109
7181,65,30,121
7182,65,31,131
7183,65,32,130
7184,65,33,128
7185,65,34,119
7186,65,35,108
7187,65,36,109
7188,65,37,125
7189,65,38,131
7190,65,39,140
7191,65,40,146
7192,65,41,154
7193,65,42,153
7194,65,43,152
7195,65,44,156
7196,65,45,149
7197,65,46,86
7198,65,47,62
7199,65,48,37
7200,65,49,57
7201,65,50,59
7202,65,51,62
7203,65,52,61
7204,65,53,67
7205,65,54,61
7206,65,55,67
7207,65,56,73
7208,65,57,134
7209,65,58,77
7210,65,59,102
7211,65,60,38
7212,65,61,84
7213,65,62,33
7214,65,63,99
7215,65,64,123
7216,65,65,144
7217,65,66,166
7218,65,67,175
7219,65,68,167
7220,65,69,157
7221,65,70,175
7222,65,71,167
7223,65,72,189
7224,65,73,181
7225,65,74,165
7226,65,75,181
7227,65,76,205
7228,65,77,201
7229,65,78,197
7230,65,79,182
7231,65,80,56
7232,65,81,27
7233,65,82,30
7234,65,83,73
7235,65,84,116
7236,65,85,101
7237,65,86,169
7238,65,87,208
7239,65,88,232
7240,65,89,225
7241,65,90,250
7242,65,91,228
7243,65,92,58
7244,65,93,9
7275,66,14,13
7276,66,15,140
7277,66,16,192
7278,66,17,177
7279,66,18,173
7280,66,19,192
7281,66,20,173
7282,66,21,148
7283,66,22,156
7284,66,23,53
7285,66,24,71
7286,66,25,152
7287,66,26,143
7288,66,27,93
7289,66,28,29
7290,66,29,38
7291,66,30,31
7292,66,31,39
7293,66,32,51
7294,66,33,58
7295,66,34,70
7296,66,35,85
7297,66,36,94
7298,66,37,100
7299,66,38,109
7300,66,39,129
7301,66,40,134
7302,66,41,144
7303,66,42,158
7304,66,43,146
7305,66,44,139
7306,66,45,73
7307,66,46,57
7308,66,47,33
7309,66,48,61
7310,66,49,59
7311,66,50,55
7312,66,51,63
7313,66,52,67
7314,66,53,62
7315,66,54,62
7316,66,55,59
7317,66,56,63
7318,66,57,85
7319,66,58,211
7320,66,59,94
7321,66,60,26
7322,66,61,35
7323,66,62,55
7324,66,63,50
7325,66,64,78
7326,66,65,117
7327,66,66,141
7328,66,67,152
7329,66,68,148
7330,66,69,163
7331,66,70,171
7332,66,71,170
7333,66,72,178
7334,66,73,159
7335,66,74,155
7336,66,75,184
7337,66,76,213
7338,66,77,203
7339,66,78,199
7340,66,79,103
7341,66,80,46
7342,66,81,11
7343,66,82,41
7344,66,83,99
7345,66,84,129
7346,66,85,127
7347,66,86,169
7348,66,87,209
7349,66,88,217
7350,66,89,208
7351,66,90,234
7352,66,91,182
7353,66,92,26
7354,66,93,5
7385,67,14,9
7386,67,15,63
7387,67,16,185
7388,67,17,176
7389,67,18,206
7390,67,19,209
7391,67,20,185
7392,67,21,180
7393,67,22,187
7394,67,23,70
7395,67,24,74
7396,67,25,151
7397,67,26,137
7398,67,27,94
7399,67,28,43
7400,67,29,34
7401,67,30,49
7402,67,31,38
7403,67,32,39
7404,67,33,26
7405,67,34,26
7406,67,35,36
7407,67,36,46
7408,67,37,70
7409,67,38,82
7410,67,39,112
7411,67,40,112
7412,67,41,120
7413,67,42,106
7414,67,43,78
7415,67,44,50
7416,67,45,57
7417,67,46,34
7418,67,47,27
7419,67,48,63
7420,67,49,56
7421,67,50,62
7422,67,51,66
7423,67,52,71
7424,67,53,70
7425,67,54,67
7426,67,55,66
7427,67,56,65
7428,67,57,69
7429,67,58,142
7430,67,59,179
7431,67,60,84
7432,67,61,39
7433,67,62,57
7434,67,63,21
7435,67,64,40
7436,67,65,75
7437,67,66,116
7438,67,67,125
7439,67,68,144
7440,67,69,146
7441,67,70,142
7442,67,71,164
7443,67,72,163
7444,67,73,143
7445,67,74,160
7446,67,75,195
7447,67,76,205
7448,67,77,204
7449,67,78,160
7450,67,79,67
7451,67,80,20
7452,67,81,13
7453,67,82,70
7454,67,83,100
7455,67,84,112
7456,67,85,143
7457,67,86,199
7458,67,87,208
7459,67,88,234
7460,67,89,232
7461,67,90,240
7462,67,91,190
7463,67,92,36
7464,67,93,2
7496,68,15,23
7497,68,16,152
7498,68,17,196
7499,68,18,192
7500,68,19,204
7501,68,20,200
7502,68,21,181
7503,68,22,186
7504,68,23,110
7505,68,24,65
7506,68,25,161
7507,68,26,165
7508,68,27,127
7509,68,28,127
7510,68,29,33
7511,68,30,23
7512,68,31,40
7513,68,32,55
7514,68,33,60
7515,68,34,66
7516,68,35,61
7517,68,36,49
7518,68,37,37
7519,68,38,35
7520,68,39,34
7521,68,40,29
7522,68,41,35
7523,68,42,38
7524,68,43,46
7525,68,44,46
7526,68,45,31
7527,68,46,35
7528,68,47,65
7529,68,48,60
7530,68,49,63
7531,68,50,66
7532,68,51,62
7533,68,52,72
7534,68,53,64
7535,68,54,62
7536,68,55,58
7537,68,56,50
7538,68,57,70
7539,68,58,149
7540,68,59,202
7541,68,60,177
7542,68,61,80
7543,68,62,12
7544,68,63,36
7545,68,64,49
7546,68,65,34
7547,68,66,76
7548,68,67,113
7549,68,68,121
7550,68,69,123
7551,68,70,122
7552,68,71,142
7553,68,72,143
7554,68,73,143
7555,68,74,160
7556,68,75,171
7557,68,76,187
7558,68,77,186
7559,68,78,85
7560,68,79,31
7561,68,80,15
7562,68,81,23
7563,68,82,106
7564,68,83,138
7565,68,84,94
7566,68,85,132
7567,68,86,208
7568,68,87,203
7569,68,88,231
7570,68,89,240
7571,68,90,251
7572,68,91,183
7573,68,92,27
7574,68,93,4
7606,69,15,3
7607,69,16,80
7608,69,17,194
7609,69,18,198
7610,69,19,209
7611,69,20,198
7612,69,21,202
7613,69,22,176
7614,69,23,158
7615,69,24,80
7616,69,25,113
7617,69,26,78
7618,69,27,107
7619,69,28,172
7620,69,29,103
7621,69,30,53
7622,69,31,26
7623,69,32,23
7624,69,33,40
7625,69,34,48
7626,69,35,56
7627,69,36,54
7628,69,37,61
7629,69,38,57
7630,69,39,58
7631,69,40,56
7632,69,41,44
7633,69,42,41
7634,69,43,26
7635,69,44,22
7636,69,45,49
7637,69,46,59
7638,69,47,60
7639,69,48,69
7640,69,49,69
7641,69,50,73
7642,69,51,63
7643,69,52,61
7644,69,53,67
7645,69,54,60
7646,69,55,57
7647,69,56,62
7648,69,57,62
7649,69,58,106
7650,69,59,72
7651,69,60,197
7652,69,61,208
7653,69,62,101
7654,69,63,12
7655,69,64,53
7656,69,65,62
7657,69,66,42
7658,69,67,58
7659,69,68,89
7660,69,69,93
7661,69,70,107
7662,69,71,117
7663,69,72,111
7664,69,73,108
7665,69,74,154
7666,69,75,170
7667,69,76,180
7668,69,77,112
7669,69,78,40
7670,69,79,17
7671,69,80,28
7672,69,81,58
7673,69,82,151
7674,69,83,132
7675,69,84,74
7676,69,85,135
7677,69,86,210
7678,69,87,195
7679,69,88,214
7680,69,89,246
7681,69,90,254
7682,69,91,184
7683,69,92,49
7684,69,93,7
7715,70,14,1
7716,70,15,1
7717,70,16,35
7718,70,17,153
7719,70,18,206
7720,70,19,200
7721,70,20,203
7722,70,21,206
7723,70,22,151
7724,70,23,192
7725,70,24,124
7726,70,25,85
7727,70,26,12
7728,70,27,14
7729,70,28,120
7730,70,29,162
7731,70,30,72
7732,70,31,56
7733,70,32,49
7734,70,33,29
7735,70,34,28
7736,70,35,17
7737,70,36,17
7738,70,37,22
7739,70,38,25
7740,70,39,18
7741,70,40,11
7742,70,41,10
7743,70,42,8
7744,70,43,22
7745,70,44,46
7746,70,45,63
7747,70,46,64
7748,70,47,66
7749,70,48,70
7750,70,49,65
7751,70,50,69
7752,70,51,73
7753,70,52,67
7754,70,53,65
7755,70,54,59
7756,70,55,64
7757,70,56,63
7758,70,57,81
7759,70,58,67
7760,70,59,34
7761,70,60,68
7762,70,61,177
7763,70,62,122
7764,70,63,104
7765,70,64,22
7766,70,65,41
7767,70,66,70
7768,70,67,57
7769,70,68,49
7770,70,69,49
7771,70,70,69
7772,70,71,74
7773,70,72,78
7774,70,73,74
7775,70,74,113
7776,70,75,122
7777,70,76,122
7778,70,77,31
7779,70,78,25
7780,70,79,29
7781,70,80,43
7782,70,81,143
7783,70,82,124
7784,70,83,71
7785,70,84,61
7786,70,85,136
7787,70,86,206
7788,70,87,208
7789,70,88,202
7790,70,89,248
7791,70,90,254
7792,70,91,198
7793,70,92,44
7794,70,93,4
7826,71,15,1
7827,71,16,4
7828,71,17,56
7829,71,18,186
7830,71,19,187
7831,71,20,179
7832,71,21,212
7833,71,22,212
7834,71,23,186
7835,71,24,160
7836,71,25,163
7837,71,26,42
7838,71,27,8
7839,71,28,116
7840,71,29,133
7841,71,30,74
7842,71,31,64
7843,71,32,38
7844,71,33,23
7845,71,34,17
7846,71,35,21
7847,71,36,12
7848,71,37,14
7849,71,38,7
7850,71,39,2
7851,71,40,3
7852,71,41,23
7853,71,42,42
7854,71,43,50
7855,71,44,55
7856,71,45,60
7857,71,46,67
7858,71,47,62
7859,71,48,69
7860,71,49,76
7861,71,50,60
7862,71,51,71
7863,71,52,63
7864,71,53,61
7865,71,54,57
7866,71,55,75
7867,71,56,65
7868,71,57,38
7869,71,58,6
7870,71,59,19
7871,71,60,40
7872,71,61,63
7873,71,62,93
7874,71,63,115
7875,71,64,112
7876,71,65,57
7877,71,66,25
7878,71,67,54
7879,71,68,70
7880,71,69,68
7881,71,70,68
7882,71,71,67
7883,71,72,67
7884,71,73,55
7885,71,74,63
7886,71,75,61
7887,71,76,45
7888,71,77,19
7889,71,78,23
7890,71,79,36
7891,71,80,112
7892,71,81,173
7893,71,82,95
7894,71,83,73
7895,71,84,54
7896,71,85,140
7897,71,86,205
7898,71,87,217
7899,71,88,218
7900,71,89,251
7901,71,90,250
7902,71,91,166
7903,71,92,24
7904,71,93,1
7936,72,15,1
7938,72,17,7
7939,72,18,121
7940,72,19,194
7941,72,20,190
7942,72,21,208
7943,72,22,212
7944,72,23,200
7945,72,24,170
7946,72,25,181
7947,72,26,107
7948,72,27,66
7949,72,28,148
7950,72,29,176
7951,72,30,84
7952,72,31,59
7953,72,32,20
7954,72,33,2
7956,72,35,1
7959,72,38,1
7960,72,39,11
7961,72,40,44
7962,72,41,48
7963,72,42,50
7964,72,43,58
7965,72,44,52
7966,72,45,59
7967,72,46,66
7968,72,47,62
7969,72,48,68
7970,72,49,66
7971,72,50,61
7972,72,51,66
7973,72,52,65
7974,72,53,63
7975,72,54,61
7976,72,55,65
7977,72,56,59
7978,72,57,8
7979,72,58,1
7981,72,60,27
7982,72,61,53
7983,72,62,57
7984,72,63,90
7985,72,64,95
7986,72,65,91
7987,72,66,69
7988,72,67,54
7989,72,68,40
7990,72,69,35
7991,72,70,51
7992,72,71,57
7993,72,72,70
7994,72,73,76
7995,72,74,63
7996,72,75,28
7997,72,76,25
7998,72,77,19
7999,72,78,28
8000,72,79,103
8001,72,80,190
8002,72,81,171
8003,72,82,71
8004,72,83,68
8005,72,84,49
8006,72,85,143
8007,72,86,200
8008,72,87,216
8009,72,88,243
8010,72,89,250
8011,72,90,221
8012,72,91,73
8013,72,92,12
8048,73,17,1
8049,73,18,34
8050,73,19,144
8051,73,20,173
8052,73,21,157
8053,73,22,212
8054,73,23,211
8055,73,24,166
8056,73,25,152
8057,73,26,139
8058,73,27,156
8059,73,28,187
8060,73,29,190
8061,73,30,102
8062,73,31,29
8063,73,32,9
8065,73,34,1
8067,73,36,1
8068,73,37,1
8069,73,38,12
8070,73,39,48
8071,73,40,49
8072,73,41,52
8073,73,42,60
8074,73,43,65
8075,73,44,56
8076,73,45,61
8077,73,46,66
8078,73,47,57
8079,73,48,71
8080,73,49,64
8081,73,50,58
8082,73,51,62
8083,73,52,67
8084,73,53,60
8085,73,54,62
8086,73,55,67
8087,73,56,66
8088,73,57,12
8091,73,60,25
8092,73,61,53
8093,73,62,59
8094,73,63,72
8095,73,64,81
8096,73,65,79
8097,73,66,63
8098,73,67,84
8099,73,68,91
8100,73,69,88
8101,73,70,61
8102,73,71,37
8103,73,72,22
8104,73,73,17
8105,73,74,5
8106,73,75,10
8107,73,76,28
8108,73,77,83
8109,73,78,144
8110,73,79,180
8111,73,80,172
8112,73,81,146
8113,73,82,86
8114,73,83,61
8115,73,84,17
8116,73,85,46
8117,73,86,186
8118,73,87,196
8119,73,88,247
8120,73,89,247
8121,73,90,182
8122,73,91,56
8123,73,92,4
8158,74,17,1
8159,74,18,2
8160,74,19,58
8161,74,20,176
8162,74,21,197
8163,74,22,172
8164,74,23,212
8165,74,24,193
8166,74,25,158
8167,74,26,143
8168,74,27,165
8169,74,28,206
8170,74,29,201
8171,74,30,125
8172,74,31,7
8173,74,32,4
8174,74,33,2
8175,74,34,39
8176,74,35,13
8177,74,36,1
8178,74,37,5
8179,74,38,39
8180,74,39,52
8181,74,40,52
8182,74,41,64
8183,74,42,63
8184,74,43,64
8185,74,44,61
8186,74,45,59
8187,74,46,57
8188,74,47,62
8189,74,48,63
8190,74,49,67
8191,74,50,72
8192,74,51,70
8193,74,52,69
8194,74,53,60
8195,74,54,55
8196,74,55,63
8197,74,56,70
8198,74,57,46
8199,74,58,23
8200,74,59,31
8201,74,60,43
8202,74,61,66
8203,74,62,58
8204,74,63,63
8205,74,64,72
8206,74,65,80
8207,74,66,72
8208,74,67,69
8209,74,68,80
8210,74,69,96
8211,74,70,78
8212,74,71,83
8213,74,72,100
8214,74,73,102
8215,74,74,46
8216,74,75,38
8217,74,76,61
8218,74,77,118
8219,74,78,148
8220,74,79,197
8221,74,80,168
8222,74,81,90
8223,74,82,91
8224,74,83,54
8225,74,84,4
8226,74,85,10
8227,74,86,190
8228,74,87,203
8229,74,88,241
8230,74,89,233
8231,74,90,115
8232,74,91,20
8233,74,92,1
8268,75,17,1
8269,75,18,2
8270,75,19,4
8271,75,20,75
8272,75,21,188
8273,75,22,170
8274,75,23,175
8275,75,24,170
8276,75,25,177
8277,75,26,177
8278,75,27,156
8279,75,28,201
8280,75,29,194
8281,75,30,118
8282,75,31,2
8283,75,32,7
8284,75,33,29
8285,75,34,94
8286,75,35,37
8287,75,36,36
8288,75,37,10
8289,75,38,56
8290,75,39,54
8291,75,40,55
8292,75,41,51
8293,75,42,61
8294,75,43,63
8295,75,44,61
8296,75,45,71
8297,75,46,54
8298,75,47,61
8299,75,48,66
8300,75,49,64
8301,75,50,70
8302,75,51,61
8303,75,52,48
8304,75,53,62
8305,75,54,57
8306,75,55,47
8307,75,56,29
8308,75,57,65
8309,75,58,92
8310,75,59,70
8311,75,60,79
8312,75,61,75
8313,75,62,63
8314,75,63,69
8315,75,64,66
8316,75,65,69
8317,75,66,70
8318,75,67,73
8319,75,68,77
8320,75,69,78
8321,75,70,76
8322,75,71,66
8323,75,72,72
8324,75,73,88
8325,75,74,104
8326,75,75,69
8327,75,76,73
8328,75,77,63
8329,75,78,66
8330,75,79,131
8331,75,80,166
8332,75,81,80
8333,75,82,82
8334,75,83,32
8336,75,85,17
8337,75,86,197
8338,75,87,211
8339,75,88,245
8340,75,89,175
8341,75,90,45
8342,75,91,6
8379,76,18,1
8380,76,19,2
8381,76,20,12
8382,76,21,98
8383,76,22,181
8384,76,23,198
8385,76,24,202
8386,76,25,151
8387,76,26,194
8388,76,27,159
8389,76,28,179
8390,76,29,161
8391,76,30,153
8392,76,31,23
8393,76,32,9
8394,76,33,72
8395,76,34,90
8396,76,35,86
8397,76,36,131
8398,76,37,69
8399,76,38,60
8400,76,39,53
8401,76,40,56
8402,76,41,56
8403,76,42,63
8404,76,43,58
8405,76,44,66
8406,76,45,63
8407,76,46,57
8408,76,47,61
8409,76,48,56
8410,76,49,58
8411,76,50,68
8412,76,51,62
8413,76,52,60
8414,76,53,62
8415,76,54,64
8416,76,55,56
8417,76,56,42
8418,76,57,44
8419,76,58,36
8420,76,59,36
8421,76,60,81
8422,76,61,62
8423,76,62,53
8424,76,63,70
8425,76,64,70
8426,76,65,70
8427,76,66,73
8428,76,67,73
8429,76,68,80
8430,76,69,81
8431,76,70,72
8432,76,71,76
8433,76,72,71
8434,76,73,76
8435,76,74,83
8436,76,75,76
8437,76,76,70
8438,76,77,65
8439,76,78,71
8440,76,79,94
8441,76,80,135
8442,76,81,77
8443,76,82,70
8444,76,83,27
8446,76,85,54
8447,76,86,195
8448,76,87,219
8449,76,88,215
8450,76,89,78
8451,76,90,14
8452,76,91,1
8491,77,20,1
8492,77,21,22
8493,77,22,112
8494,77,23,188
8495,77,24,201
8496,77,25,204
8497,77,26,183
8498,77,27,174
8499,77,28,194
8500,77,29,175
8501,77,30,196
8502,77,31,119
8503,77,32,19
8504,77,33,111
8505,77,34,160
8506,77,35,149
8507,77,36,163
8508,77,37,66
8509,77,38,65
8510,77,39,61
8511,77,40,60
8512,77,41,59
8513,77,42,58
8514,77,43,61
8515,77,44,67
8516,77,45,63
8517,77,46,60
8518,77,47,66
8519,77,48,53
8520,77,49,60
8521,77,50,60
8522,77,51,109
8523,77,52,78
8524,77,53,67
8525,77,54,61
8526,77,55,54
8527,77,56,30
8528,77,57,79
8529,77,58,56
8530,77,59,76
8531,77,60,79
8532,77,61,59
8533,77,62,55
8534,77,63,68
8535,77,64,64
8536,77,65,71
8537,77,66,71
8538,77,67,73
8539,77,68,77
8540,77,69,81
8541,77,70,76
8542,77,71,80
8543,77,72,75
8544,77,73,72
8545,77,74,67
8546,77,75,70
8547,77,76,74
8548,77,77,70
8549,77,78,75
8550,77,79,79
8551,77,80,120
8552,77,81,63
8553,77,82,56
8554,77,83,9
8555,77,84,23
8556,77,85,170
8557,77,86,176
8558,77,87,222
8559,77,88,113
8560,77,89,23
8561,77,90,1
8600,78,19,1
8601,78,20,1
8602,78,21,1
8603,78,22,28
8604,78,23,145
8605,78,24,193
8606,78,25,199
8607,78,26,156
8608,78,27,173
8609,78,28,175
8610,78,29,188
8611,78,30,206
8612,78,31,193
8613,78,32,128
8614,78,33,130
8615,78,34,188
8616,78,35,178
8617,78,36,178
8618,78,37,93
8619,78,38,63
8620,78,39,63
8621,78,40,58
8622,78,41,59
8623,78,42,59
8624,78,43,54
8625,78,44,60
8626,78,45,59
8627,78,46,67
8628,78,47,61
8629,78,48,59
8630,78,49,63
8631,78,50,63
8632,78,51,73
8633,78,52,74
8634,78,53,74
8635,78,54,82
8636,78,55,85
8637,78,56,114
8638,78,57,86
8639,78,58,59
8640,78,59,96
8641,78,60,162
8642,78,61,80
8643,78,62,75
8644,78,63,68
8645,78,64,65
8646,78,65,65
8647,78,66,71
8648,78,67,71
8649,78,68,72
8650,78,69,74
8651,78,70,72
8652,78,71,70
8653,78,72,69
8654,78,73,67
8655,78,74,73
8656,78,75,73
8657,78,76,71
8658,78,77,71
8659,78,78,75
8660,78,79,79
8661,78,80,118
8662,78,81,48
8663,78,82,29
8664,78,83,22
8665,78,84,149
8666,78,85,187
8667,78,86,203
8668,78,87,122
8669,78,88,26
8670,78,89,2
8712,79,21,1
8713,79,22,1
8714,79,23,46
8715,79,24,154
8716,79,25,169
8717,79,26,183
8718,79,27,150
8719,79,28,156
8720,79,29,187
8721,79,30,191
8722,79,31,179
8723,79,32,164
8724,79,33,104
8725,79,34,154
8726,79,35,194
8727,79,36,186
8728,79,37,131
8729,79,38,63
8730,79,39,64
8731,79,40,59
8732,79,41,58
8733,79,42,55
8734,79,43,58
8735,79,44,57
8736,79,45,59
8737,79,46,65
8738,79,47,63
8739,79,48,58
8740,79,49,62
8741,79,50,57
8742,79,51,62
8743,79,52,68
8744,79,53,66
8745,79,54,61
8746,79,55,63
8747,79,56,66
8748,79,57,57
8749,79,58,59
8750,79,59,77
8751,79,60,170
8752,79,61,103
8753,79,62,72
8754,79,63,71
8755,79,64,66
8756,79,65,63
8757,79,66,66
8758,79,67,72
8759,79,68,69
8760,79,69,72
8761,79,70,70
8762,79,71,66
8763,79,72,68
8764,79,73,71
8765,79,74,71
8766,79,75,66
8767,79,76,71
8768,79,77,73
8769,79,78,76
8770,79,79,82
8771,79,80,112
8772,79,81,18
8773,79,82,35
8774,79,83,148
8775,79,84,204
8776,79,85,194
8777,79,86,152
8778,79,87,35
8779,79,88,3
8824,80,23,1
8825,80,24,40
8826,80,25,100
8827,80,26,150
8828,80,27,186
8829,80,28,129
8830,80,29,178
8831,80,30,203
8832,80,31,117
8833,80,32,45
8834,80,33,121
8835,80,34,179
8836,80,35,184
8837,80,36,190
8838,80,37,147
8839,80,38,71
8840,80,39,66
8841,80,40,60
8842,80,41,56
8843,80,42,58
8844,80,43,59
8845,80,44,59
8846,80,45,59
8847,80,46,61
8848,80,47,57
8849,80,48,56
8850,80,49,61
8851,80,50,57
8852,80,51,64
8853,80,52,73
8854,80,53,61
8855,80,54,62
8856,80,55,61
8857,80,56,67
8858,80,57,59
8859,80,58,65
8860,80,59,97
8861,80,60,149
8862,80,61,87
8863,80,62,67
8864,80,63,68
8865,80,64,70
8866,80,65,65
8867,80,66,69
8868,80,67,68
8869,80,68,68
8870,80,69,69
8871,80,70,69
8872,80,71,71
8873,80,72,73
8874,80,73,72
8875,80,74,70
8876,80,75,70
8877,80,76,71
8878,80,77,71
8879,80,78,69
8880,80,79,79
8881,80,80,117
8882,80,81,52
8883,80,82,151
8884,80,83,195
8885,80,84,188
8886,80,85,152
8887,80,86,37
8888,80,87,6
8934,81,23,1
8935,81,24,2
8936,81,25,50
8937,81,26,143
8938,81,27,192
8939,81,28,156
8940,81,29,155
8941,81,30,147
8942,81,31,15
8943,81,32,1
8944,81,33,32
8945,81,34,170
8946,81,35,181
8947,81,36,184
8948,81,37,159
8949,81,38,67
8950,81,39,67
8951,81,40,65
8952,81,41,60
8953,81,42,59
8954,81,43,59
8955,81,44,60
8956,81,45,58
8957,81,46,54
8958,81,47,50
8959,81,48,54
8960,81,49,63
8961,81,50,63
8962,81,51,84
8963,81,52,60
8964,81,53,58
8965,81,54,62
8966,81,55,59
8967,81,56,63
8968,81,57,59
8969,81,58,58
8970,81,59,101
8971,81,60,99
8972,81,61,62
8973,81,62,70
8974,81,63,67
8975,81,64,70
8976,81,65,64
8977,81,66,67
8978,81,67,68
8979,81,68,69
8980,81,69,68
8981,81,70,64
8982,81,71,72
8983,81,72,66
8984,81,73,71
8985,81,74,71
8986,81,75,70
8987,81,76,68
8988,81,77,65
8989,81,78,63
8990,81,79,116
8991,81,80,187
8992,81,81,137
8993,81,82,185
8994,81,83,176
8995,81,84,123
8996,81,85,27
8997,81,86,3
9046,82,25,6
9047,82,26,50
9048,82,27,153
9049,82,28,201
9050,82,29,114
9051,82,30,88
9052,82,31,9
9053,82,32,1
9054,82,33,21
9055,82,34,156
9056,82,35,188
9057,82,36,184
9058,82,37,185
9059,82,38,124
9060,82,39,68
9061,82,40,47
9062,82,41,58
9063,82,42,56
9064,82,43,59
9065,82,44,57
9066,82,45,53
9067,82,46,56
9068,82,47,58
9069,82,48,61
9070,82,49,63
9071,82,50,64
9072,82,51,64
9073,82,52,61
9074,82,53,60
9075,82,54,61
9076,82,55,65
9077,82,56,63
9078,82,57,63
9079,82,58,63
9080,82,59,84
9081,82,60,79
9082,82,61,66
9083,82,62,71
9084,82,63,63
9085,82,64,80
9086,82,65,69
9087,82,66,68
9088,82,67,69
9089,82,68,69
9090,82,69,68
9091,82,70,69
9092,82,71,71
9093,82,72,68
9094,82,73,72
9095,82,74,69
9096,82,75,67
9097,82,76,69
9098,82,77,66
9099,82,78,69
9100,82,79,122
9101,82,80,163
9102,82,81,146
9103,82,82,182
9104,82,83,87
9105,82,84,24
9106,82,85,3
9156,83,25,1
9157,83,26,4
9158,83,27,45
9159,83,28,142
9160,83,29,160
9161,83,30,100
9162,83,31,24
9163,83,32,13
9164,83,33,73
9165,83,34,168
9166,83,35,183
9167,83,36,192
9168,83,37,190
9169,83,38,202
9170,83,39,131
9171,83,40,60
9172,83,41,62
9173,83,42,59
9174,83,43,56
9175,83,44,62
9176,83,45,59
9177,83,46,60
9178,83,47,59
9179,83,48,57
9180,83,49,59
9181,83,50,60
9182,83,51,58
9183,83,52,62
9184,83,53,63
9185,83,54,67
9186,83,55,66
9187,83,56,62
9188,83,57,64
9189,83,58,66
9190,83,59,80
9191,83,60,68
9192,83,61,66
9193,83,62,69
9194,83,63,70
9195,83,64,76
9196,83,65,65
9197,83,66,68
9198,83,67,68
9199,83,68,67
9200,83,69,66
9201,83,70,68
9202,83,71,67
9203,83,72,70
9204,83,73,68
9205,83,74,68
9206,83,75,63
9207,83,76,57
9208,83,77,71
9209,83,78,139
9210,83,79,150
9211,83,80,162
9212,83,81,148
9213,83,82,85
9214,83,83,20
9215,83,84,1
9268,84,27,3
9269,84,28,24
9270,84,29,98
9271,84,30,112
9272,84,31,72
9273,84,32,81
9274,84,33,168
9275,84,34,184
9276,84,35,173
9277,84,36,197
9278,84,37,173
9279,84,38,193
9280,84,39,142
9281,84,40,68
9282,84,41,61
9283,84,42,57
9284,84,43,57
9285,84,44,57
9286,84,45,59
9287,84,46,60
9288,84,47,59
9289,84,48,57
9290,84,49,55
9291,84,50,60
9292,84,51,64
9293,84,52,60
9294,84,53,66
9295,84,54,63
9296,84,55,74
9297,84,56,67
9298,84,57,65
9299,84,58,64
9300,84,59,93
9301,84,60,66
9302,84,61,68
9303,84,62,66
9304,84,63,65
9305,84,64,70
9306,84,65,70
9307,84,66,65
9308,84,67,66
9309,84,68,68
9310,84,69,63
9311,84,70,64
9312,84,71,66
9313,84,72,66
9314,84,73,70
9315,84,74,69
9316,84,75,63
9317,84,76,53
9318,84,77,85
9319,84,78,110
9320,84,79,166
9321,84,80,173
9322,84,81,55
9323,84,82,9
9379,85,28,1
9380,85,29,11
9381,85,30,55
9382,85,31,55
9383,85,32,113
9384,85,33,184
9385,85,34,192
9386,85,35,180
9387,85,36,202
9388,85,37,185
9389,85,38,188
9390,85,39,152
9391,85,40,69
9392,85,41,70
9393,85,42,60
9394,85,43,60
9395,85,44,57
9396,85,45,60
9397,85,46,60
9398,85,47,60
9399,85,48,60
9400,85,49,57
9401,85,50,60
9402,85,51,65
9403,85,52,67
9404,85,53,63
9405,85,54,67
9406,85,55,66
9407,85,56,64
9408,85,57,67
9409,85,58,63
9410,85,59,104
9411,85,60,67
9412,85,61,69
9413,85,62,69
9414,85,63,66
9415,85,64,65
9416,85,65,67
9417,85,66,66
9418,85,67,65
9419,85,68,64
9420,85,69,60
9421,85,70,64
9422,85,71,65
9423,85,72,68
9424,85,73,64
9425,85,74,63
9426,85,75,50
9427,85,76,57
9428,85,77,112
9429,85,78,170
9430,85,79,136
9431,85,80,50
9432,85,81,5
9489,86,28,1
9491,86,30,4
9492,86,31,21
9493,86,32,32
9494,86,33,157
9495,86,34,184
9496,86,35,183
9497,86,36,178
9498,86,37,211
9499,86,38,196
9500,86,39,171
9501,86,40,82
9502,86,41,69
9503,86,42,65
9504,86,43,59
9505,86,44,59
9506,86,45,58
9507,86,46,59
9508,86,47,59
9509,86,48,58
9510,86,49,63
9511,86,50,59
9512,86,51,63
9513,86,52,59
9514,86,53,68
9515,86,54,66
9516,86,55,70
9517,86,56,65
9518,86,57,67
9519,86,58,73
9520,86,59,121
9521,86,60,71
9522,86,61,73
9523,86,62,70
9524,86,63,69
9525,86,64,65
9526,86,65,66
9527,86,66,64
9528,86,67,61
9529,86,68,64
9530,86,69,65
9531,86,70,68
9532,86,71,63
9533,86,72,62
9534,86,73,60
9535,86,74,81
9536,86,75,89
9537,86,76,169
9538,86,77,180
9539,86,78,109
9540,86,79,31
9541,86,80,2
9601,87,30,1
9602,87,31,1
9603,87,32,7
9604,87,33,45
9605,87,34,138
9606,87,35,189
9607,87,36,185
9608,87,37,197
9609,87,38,211
9610,87,39,206
9611,87,40,150
9612,87,41,80
9613,87,42,70
9614,87,43,65
9615,87,44,65
9616,87,45,62
9617,87,46,59
9618,87,47,59
9619,87,48,61
9620,87,49,64
9621,87,50,65
9622,87,51,65
9623,87,52,65
9624,87,53,63
9625,87,54,62
9626,87,55,66
9627,87,56,62
9628,87,57,66
9629,87,58,112
9630,87,59,130
9631,87,60,71
9632,87,61,72
9633,87,62,69
9634,87,63,67
9635,87,64,66
9636,87,65,68
9637,87,66,65
9638,87,67,62
9639,87,68,67
9640,87,69,63
9641,87,70,61
9642,87,71,66
9643,87,72,79
9644,87,73,105
9645,87,74,143
9646,87,75,187
9647,87,76,107
9648,87,77,52
9649,87,78,8
9714,88,33,4
9715,88,34,18
9716,88,35,66
9717,88,36,118
9718,88,37,156
9719,88,38,185
9720,88,39,196
9721,88,40,205
9722,88,41,164
9723,88,42,87
9724,88,43,73
9725,88,44,63
9726,88,45,65
9727,88,46,63
9728,88,47,64
9729,88,48,74
9730,88,49,62
9731,88,50,63
9732,88,51,61
9733,88,52,65
9734,88,53,69
9735,88,54,64
9736,88,55,60
9737,88,56,64
9738,88,57,66
9739,88,58,120
9740,88,59,114
9741,88,60,94
9742,88,61,67
9743,88,62,65
9744,88,63,62
9745,88,64,62
9746,88,65,64
9747,88,66,65
9748,88,67,63
9749,88,68,63
9750,88,69,76
9751,88,70,96
9752,88,71,132
9753,88,72,166
9754,88,73,189
9755,88,74,180
9756,88,75,92
9757,88,76,27
9758,88,77,4
9825,89,34,1
9826,89,35,5
9827,89,36,49
9828,89,37,110
9829,89,38,143
9830,89,39,163
9831,89,40,178
9832,89,41,181
9833,89,42,155
9834,89,43,146
9835,89,44,97
9836,89,45,72
9837,89,46,68
9838,89,47,65
9839,89,48,64
9840,89,49,67
9841,89,50,66
9842,89,51,64
9843,89,52,65
9844,89,53,64
9845,89,54,61
9846,89,55,60
9847,89,56,61
9848,89,57,118
9849,89,58,127
9850,89,59,154
9851,89,60,148
9852,89,61,122
9853,89,62,108
9854,89,63,99
9855,89,64,99
9856,89,65,99
9857,89,66,90
9858,89,67,93
9859,89,68,131
9860,89,69,178
9861,89,70,197
9862,89,71,184
9863,89,72,180
9864,89,73,140
9865,89,74,49
9866,89,75,12
9867,89,76,1
9936,90,35,1
9937,90,36,4
9938,90,37,19
9939,90,38,69
9940,90,39,134
9941,90,40,174
9942,90,41,164
9943,90,42,162
9944,90,43,183
9945,90,44,179
9946,90,45,158
9947,90,46,135
9948,90,47,120
9949,90,48,105
9950,90,49,95
9951,90,50,94
9952,90,51,96
9953,90,52,98
9954,90,53,95
9955,90,54,95
9956,90,55,99
9957,90,56,136
9958,90,57,170
9959,90,58,177
9960,90,59,187
9961,90,60,188
9962,90,61,184
9963,90,62,172
9964,90,63,166
9965,90,64,158
9966,90,65,159
9967,90,66,182
9968,90,67,199
9969,90,68,205
9970,90,69,200
9971,90,70,178
9972,90,71,118
9973,90,72,52
9974,90,73,20
9975,90,74,3
10049,91,38,1
10050,91,39,13
10051,91,40,52
10052,91,41,114
10053,91,42,156
10054,91,43,198
10055,91,44,192
10056,91,45,174
10057,91,46,166
10058,91,47,167
10059,91,48,162
10060,91,49,173
10061,91,50,178
10062,91,51,189
10063,91,52,191
10064,91,53,192
10065,91,54,144
10066,91,55,86
10067,91,56,103
10068,91,57,135
10069,91,58,117
10070,91,59,162
10071,91,60,154
10072,91,61,159
10073,91,62,174
10074,91,63,184
10075,91,64,190
10076,91,65,194
10077,91,66,187
10078,91,67,174
10079,91,68,161
10080,91,69,110
10081,91,70,49
10082,91,71,24
10083,91,72,5
10161,92,40,1
10162,92,41,15
10163,92,42,31
10164,92,43,67
10165,92,44,123
10166,92,45,153
10167,92,46,183
10168,92,47,215
10169,92,48,220
10170,92,49,212
10171,92,50,200
10172,92,51,192
10173,92,52,197
10174,92,53,204
10175,92,54,175
10176,92,55,172
10177,92,56,186
10178,92,57,186
10179,92,58,194
10180,92,59,190
10181,92,60,198
10182,92,61,194
10183,92,62,200
10184,92,63,201
10185,92,64,193
10186,92,65,160
10187,92,66,109
10188,92,67,57
10189,92,68,26
10190,92,69,15
10191,92,70,2
10274,93,43,6
10275,93,44,21
10276,93,45,31
10277,93,46,47
10278,93,47,64
10279,93,48,93
10280,93,49,137
10281,93,50,160
10282,93,51,184
10283,93,52,192
10284,93,53,178
10285,93,54,142
10286,93,55,197
10287,93,56,200
10288,93,57,192
10289,93,58,189
10290,93,59,174
10291,93,60,163
10292,93,61,134
10293,93,62,94
10294,93,63,77
10295,93,64,47
10296,93,65,23
10297,93,66,17
10298,93,67,5
10387,94,46,1
10388,94,47,6
10389,94,48,12
10390,94,49,21
10391,94,50,23
10392,94,51,24
10393,94,52,36
10394,94,53,44
10395,94,54,37
10396,94,55,39
10397,94,56,46
10398,94,57,38
10399,94,58,34
10400,94,59,23
10401,94,60,24
10402,94,61,20
10403,94,62,13
10404,94,63,8
10405,94,64,1
10505,95,54,1
10506,95,55,1
10507,95,56,1
10508,95,57,1
